id,name,cdate,distributionSchedule,imageUrl,name,address1,zipCode,city,lng,lat
285,Biolib,2016-02-17 08:40:16,"[{""day"":3,""startTime"":""17h00"",""endTime"":""18h45"",""frequency"":""weekly"",""nthDayOfMonth"":null}]",https://cagette.b-cdn.net/img/4becd7dbc6191d889a3458c84d9c30fc.jpg,Chez Biolib,5 rue Eugène Sue,31400,Toulouse,1.4580577,43.581637
724,Ferme des 2 rivières - Gare de Langon,2016-10-31 11:48:13,"[{""day"":2,""startTime"":""17h00"",""endTime"":""19h00"",""frequency"":""weekly"",""nthDayOfMonth"":null}]",https://cagette.b-cdn.net/img/11ecb35ce2a1bc2410afc161a52cd377.jpg,Gare SNCF de Langon,Place Henri Labit,33210,Langon,-0.255034,44.5555
725,"Ferme des 2 rivières - Masset, Castillon de Castets",2016-10-31 11:59:00,"[{""frequency"":""weekly"",""day"":2,""startTime"":""16h00"",""endTime"":""0h00"",""nthDayOfMonth"":null},{""frequency"":""weekly"",""day"":5,""startTime"":""15h00"",""endTime"":""0h00"",""nthDayOfMonth"":null}]",https://cagette.b-cdn.net/img/72c66827ba3630f16108dae64a662be4.jpg,"Lieu dit Masset, Castillon de Castets",98 route de Masset,33210,Castets et Castillon,-0.109776,44.553231
1264,La locaux motiv',2017-05-29 18:17:04,"[{""day"":5,""frequency"":""weekly"",""startTime"":""18h00"",""endTime"":""19h00"",""nthDayOfMonth"":null},{""day"":5,""startTime"":""19h00"",""endTime"":""20h00"",""frequency"":""weekly"",""nthDayOfMonth"":null}]",https://cagette.b-cdn.net/img/58e09ba37efb0c850d0e5d892524b371.jpg,La brasserie Corrézienne,Le Noual,19500,Marcillac La Croze,1.7319386,45.0366961
1365,"Marché ""Brasserie de la Vézère"" ",2017-07-13 13:38:07,"[{""day"":4,""startTime"":""18h30"",""endTime"":""19h30"",""frequency"":""weekly"",""nthDayOfMonth"":null}]",https://cagette.b-cdn.net/img/Marché_Brasserie_de_la_Vezère__90e28eada8f943ac5f67a572c4bdae77.webp,Marché Paysan ,Brasserie de la Vézère,19140,Uzerche,1.5645854,45.4275619
1497,Lo pimparèl de la rue Pelletier d'oisy,2017-09-26 10:56:28,"[{""day"":2,""startTime"":""17h00"",""endTime"":""18h30"",""frequency"":""weekly""}]",https://cagette.b-cdn.net/img/7169d0437f31a36fd5c08d06659489b4.png,3 rue Pelletier d'oisy,,31400,Toulouse,1.46,43.58215
1592,Ferme Laporte,2017-10-10 14:42:24,"[{""frequency"":""weekly"",""day"":4,""startTime"":""17h00"",""endTime"":""19h00"",""nthDayOfMonth"":null}]",https://cagette.b-cdn.net/img/0e277b206af53bd361ca721e046bddd1.png,"Ferme Laporte, Labescau",1 Laporte,33690,LABESCAU,-0.073815,44.443355
1606,Cagette Sophia Antipolis / drive bio&local,2017-10-14 23:29:19,"[{""day"":2,""startTime"":""11h45"",""endTime"":""12h15"",""frequency"":""weekly"",""nthDayOfMonth"":null},{""day"":4,""startTime"":""12h00"",""endTime"":""12h30"",""frequency"":""weekly"",""nthDayOfMonth"":null}]",https://cagette.b-cdn.net/img/b9497369bd2f513453137974f4e8d2c7.png,Parking Laboratoire I3S à  côté de INRIA,2000 route des lucioles,06903,Sophia Antipolis,7.067707,43.61586
1680,Drivulinu - Port de Toga,2017-11-01 11:48:08,"[{""day"":4,""startTime"":""17h30"",""endTime"":""18h30"",""frequency"":""weekly""}]",https://cagette.b-cdn.net/img/6868e3fbffccfd9f82977c92381e78ae.png,Port de Toga,Boulevard de Toga,20200,Bastia,9.45285,42.706952
1824,La ferme du Germoir - retrait à  la ferme,2017-11-29 23:37:59,"[{""frequency"":""weekly"",""day"":5,""startTime"":""14h00"",""endTime"":""19h00"",""nthDayOfMonth"":null}]",https://cagette.b-cdn.net/img/53f5a4f56afb4c4e533fb0a9f5bfbec4.png,Le Germoir,31 rue Principale,62310,AMBRICOURT,2.1775225,50.4684775
1828,Les Légumes de Flo - retrait à  courrières,2017-11-29 23:52:41,"[{""day"":5,""startTime"":""17h00"",""endTime"":""19h00"",""frequency"":""weekly""}]",https://cagette.b-cdn.net/img/2d0e55322ff7d79f71da20fa68ad03ca.png,Les Légumes de Flo,chemin du Baron,62710,Courrières,2.9428972,50.4632628
1958,La ferme du Germoir - retrait à  Fruges,2017-12-18 12:55:16,"[{""day"":5,""startTime"":""14h00"",""endTime"":""19h00"",""frequency"":""weekly"",""nthDayOfMonth"":null},{""day"":5,""startTime"":""15h30"",""endTime"":""19h00"",""frequency"":""weekly"",""nthDayOfMonth"":null}]",https://cagette.b-cdn.net/img/9faa3505e6ecc990c9a768ec250aace9.png,Fruges - Cave de la Crem'hier,2 rue de l'Eglise,62310,FRUGES,2.1043472,50.5254606
2013,La ferme du Germoir - retrait à  Hesdin,2018-01-08 12:02:58,"[{""day"":5,""startTime"":""9h00"",""endTime"":""19h00"",""frequency"":""weekly""},{""day"":5,""startTime"":""18h00"",""endTime"":""21h00"",""frequency"":""weekly"",""nthDayOfMonth"":null},{""day"":5,""startTime"":""17h00"",""endTime"":""21h00"",""frequency"":""weekly"",""nthDayOfMonth"":null}]",https://cagette.b-cdn.net/img/6d06712116d959f9c98faa5868d433a6.png,HESDIN  - Au Carrefour City,10 Place Garbé,62140,Hesdin,2.037981,50.375706
2014,La ferme du Germoir - retrait à  Ruisseauville,2018-01-08 12:03:33,"[{""day"":5,""startTime"":""14h00"",""endTime"":""19h00"",""frequency"":""weekly""},{""day"":5,""startTime"":""15h30"",""endTime"":""19h00"",""frequency"":""weekly"",""nthDayOfMonth"":null}]",https://cagette.b-cdn.net/img/c20105f065092f52283be9ca3ba6796c.png,Ruisseauville - A Petits Pas,16 route de canlers,62310,ruisseauville,2.1292578,50.4811122
2026,le marché de la pépinière de Lépine,2018-01-10 15:33:30,"[{""frequency"":""weekly"",""day"":5,""startTime"":""14h00"",""endTime"":""15h00"",""nthDayOfMonth"":null}]",https://cagette.b-cdn.net/img/0e247b46934845da0eaf888582b097b0.png,pepiniere de l'épine,rue de la madeleine,52130,wassy,4.941898,48.5065838
2045,Le petit marché de Douzillac,2018-01-14 21:23:59,"[{""day"":6,""startTime"":""11h30"",""endTime"":""12h20"",""frequency"":""weekly"",""nthDayOfMonth"":null}]",https://cagette.b-cdn.net/img/564668f70d7bbf2b82124f7cbeee896c.jpg,Préau du boulodrôme,2 Rue Du Caporal Maine,24190,Douzillac,0.41506871418317814,45.08467863899622
2197,BioziQ - Relais de producteurs bio à  Mirecourt,2018-02-12 11:46:54,"[{""day"":5,""startTime"":""17h30"",""endTime"":""18h30"",""frequency"":""weekly""}]",https://cagette.b-cdn.net/img/83da1f04ddcec331d1a4e7c635931e87.png,"5, Cours Stanislas - Mirecourt",5 Cours Stanislas,88500,Mirecourt,6.135770773084971,48.30113021133917
2459,BIO TY TUD,2018-04-20 09:34:56,"[{""day"":5,""startTime"":""15h30"",""endTime"":""19h00"",""frequency"":""weekly"",""nthDayOfMonth"":null}]",https://cagette.b-cdn.net/img/b388aab6bdc5d7c163183872f40b4ca4.jpg,Magasin  Bio Ty Tud,6 Rue de la résistance,29510,briec,-3.9985385,48.1018402
2489,Lo pimparèl de l'AMAP FMR,2018-05-03 17:47:24,"[{""day"":2,""startTime"":""19h00"",""endTime"":""20h00"",""frequency"":""weekly""}]",https://cagette.b-cdn.net/img/7169d0437f31a36fd5c08d06659489b4.png,Radio FMR,9 Boulevard Des Minimes,31200,Toulouse,1.448737,43.6153
2708,Les Bios du coin - Relanges,2018-06-18 15:54:55,"[{""day"":2,""startTime"":""16h30"",""endTime"":""20h00"",""frequency"":""weekly""}]",https://cagette.b-cdn.net/img/7c5ed16f4679a13285a355723bb263b6.png,Ferme de la Fontenelle,36 grande rue,88260,RELANGES,6.0170114,48.1141556
2709,les bios du coin - Estrennes,2018-06-18 16:06:44,"[{""day"":2,""startTime"":""17h00"",""endTime"":""20h00"",""frequency"":""weekly"",""nthDayOfMonth"":null}]",https://cagette.b-cdn.net/img/87bcd27fb9e823cde2126ce7c813a962.png,à  la ferme : Ferme Pays'Anne,chemin des curtilles,88500,ESTRENNES,6.0542858,48.2592132
2902,Les Bios du coin - Contrexéville,2018-09-15 07:48:54,"[{""day"":3,""startTime"":""8h30"",""endTime"":""12h15"",""frequency"":""weekly""}]",https://cagette.b-cdn.net/img/3c47b07f52c38c0e6797f6687d5cab51.png,La Mie Toupie,123 Rue Jean Moulin,88140,Contrexéville,5.896443,48.180205
3533,AMAP Feytiat,2018-11-29 12:03:45,"[{""day"":2,""startTime"":""18h15"",""endTime"":""19h00"",""frequency"":""weekly""}]",https://cagette.b-cdn.net/img/3356819d36ba344c06eefca2c376b8b0.jpg,Espace Brassens,6 Impasse des Petites à‰curies,87220,FEYTIAT,1.3268929,45.8087463
3537,Ferme de Chantecaille,2018-11-29 13:50:07,"[{""day"":5,""startTime"":""17h00"",""endTime"":""19h00"",""frequency"":""weekly""},{""day"":2,""startTime"":""17h00"",""endTime"":""19h00"",""frequency"":""weekly"",""nthDayOfMonth"":null}]",https://cagette.b-cdn.net/img/6e83fe3c43b7c66b66457fffa9d62cf5.jpg,à  la Ferme,91 route de Laubaudie,87220,Eyjeaux,1.3759446,45.7967445
3634,FERME DE LA SAUREA - vente directe,2018-12-17 16:04:18,"[{""day"":6,""startTime"":""9h00"",""endTime"":""12h00"",""frequency"":""everyFourWeeks"",""nthDayOfMonth"":null}]",https://cagette.b-cdn.net/img/6dc394203b1a6eb1c0ecffd1ce32b84a.png,marché de tourrette levens,place Louis Girard,06690,tourrette levens,7.27228,43.7878
3656,Les Bios du coin - Vioménil,2018-12-19 17:54:52,"[{""day"":2,""startTime"":""18h00"",""endTime"":""20h00"",""frequency"":""biweekly""}]",https://cagette.b-cdn.net/img/66e8a9551e3412255fa88223aef33fff.png,Dépôt de Vioménil,Ferme Fransot,88260,VIOMENIL,6.1774482,48.0918101
3677,"Commande ""Entre bulles et  Vôge"" - De la ferme AMAP'orte",2019-01-02 14:28:44,"[{""day"":5,""startTime"":""18h30"",""endTime"":""19h30"",""frequency"":""adHoc"",""nthDayOfMonth"":null}]",https://cagette.b-cdn.net/img/46c3869572cb1ae66cceb65fb2cdccbd.png,Maison des Associations,Maison des associations,88270,DOMPAIRE,6.226197,48.221193
3923,Les Bios du coin - Blevaincourt,2019-02-06 20:51:33,"[{""day"":3,""startTime"":""11h30"",""endTime"":""12h30"",""frequency"":""biweekly""}]",https://cagette.b-cdn.net/img/fdda8443cfecdabec905a3cd3c0361a0.png,Famille MARTIN-PLYANT,8 grande rue,88320,BLEVAINCOURT,5.6811483,48.1250553
3972,la ferme de David -retrait à  la ferme,2019-02-12 16:27:50,[],https://cagette.b-cdn.net/img/c5c1b98aa8885ccfa3b2b56a5f61c862.jpg,la ferme les petits bois,Les Petit Bois,49460,Cantenay-Épinard,-0.566667,47.533333
4015,La Cense de la Vie - Retrait à  la ferme,2019-02-18 16:12:58,"[{""frequency"":""weekly"",""day"":6,""startTime"":""10h00"",""endTime"":""13h00"",""nthDayOfMonth"":null},{""frequency"":""weekly"",""day"":1,""startTime"":""9h00"",""endTime"":""17h45"",""nthDayOfMonth"":null},{""frequency"":""weekly"",""day"":2,""startTime"":""9h00"",""endTime"":""17h45"",""nthDayOfMonth"":null},{""frequency"":""weekly"",""day"":4,""startTime"":""9h00"",""endTime"":""17h45"",""nthDayOfMonth"":null}]",https://cagette.b-cdn.net/img/02694cb6497927f39b9607f8915822ab.png,Retrait à la ferme,100 rue du Hem,59148,Flines lez Raches,3.1937526,50.4284448
4030,La Ferme du Bosquet - Vente à  la Ferme,2019-02-19 15:55:21,"[{""day"":5,""startTime"":""17h00"",""endTime"":""19h00"",""frequency"":""weekly""}]",https://cagette.b-cdn.net/img/2a83923642d8b035c14b9bb4803181aa.jpg,La Ferme du Bosquet,93 Route Du Bosquet,33210,Castets et Castillon,-0.132343,44.556248
4061,Marché de producteurs St François,2019-02-23 08:41:03,[],https://cagette.b-cdn.net/img/e7fde59b9591eb529f4eabcb27bc5970.png,Marché St François vers Maquis Paysan,1 Rue De Saint-François,21130,Saint-Seine-en-Bâche,5.393159,47.105428
4080,Panier de la P'tite Fabrique Solidaire,2019-02-25 14:12:57,"[{""day"":4,""startTime"":""18h00"",""endTime"":""19h00"",""frequency"":""weekly""}]",https://cagette.b-cdn.net/img/panier-de-la-p-tite-fabrique-solidaire_075b3421f4daa71e07a7e2b9d8de9248.webp,La P'tite Fabrique Solidaire,Cour Jean Jaurès,19140,Uzerche,1.563457,45.424066
4294,La Terre Ferme - Vente à  la ferme,2019-03-18 16:15:59,"[{""day"":6,""startTime"":""9h30"",""endTime"":""12h30"",""frequency"":""weekly"",""nthDayOfMonth"":null}]",https://cagette.b-cdn.net/img/0c4425dd368d9f63c8c1914f76bb3f2a.png,La Terre Ferme,36 rue du Plessis,27250,Chéronvilliers,0.7161157,48.8044389
4727,DRIVULINU Moriani,2019-05-13 10:28:26,"[{""day"":4,""startTime"":""16h00"",""endTime"":""19h00"",""frequency"":""weekly"",""nthDayOfMonth"":null}]",https://cagette.b-cdn.net/img/c1f0dc0cb39a0cb3c00100e1bb59fdf9.png,Station total Moriani plage,198 Route territoriale,20230,San nicolao,9.525,42.375
4737,Ferme de Fons Des Ores / Vente à  la ferme,2019-05-13 16:35:15,"[{""day"":5,""frequency"":""adHoc"",""startTime"":""17h00"",""endTime"":""18h00"",""nthDayOfMonth"":null}]",https://cagette.b-cdn.net/img/c4554e35c118e8564bd0072ad71242b6.jpg,Ferme de Fons des Ores,8 rue de la gazelle,63500,ANTOINGT,3.1772804,45.5028906
4782,FERME DE FLOUQUET,2019-05-20 20:03:12,"[{""day"":3,""startTime"":""17h00"",""endTime"":""19h00"",""frequency"":""weekly""}]",https://cagette.b-cdn.net/img/812ffe7627443434c6b947767030e270.jpg,FERME DE FLOUQUET,Lieu-dit Flouquet,33124,Savignac,-0.0902793,44.5081632
5020,La Cagette.net Bio et Locale de SupAgro,2019-06-17 16:49:38,"[{""day"":4,""frequency"":""weekly"",""startTime"":""13h30"",""endTime"":""14h30"",""nthDayOfMonth"":null}]",https://cagette.b-cdn.net/img/b471f90c3d46ef1da82922babad4dad7.jpg,SupAgro,2 Place Pierre Viala,34000,Montpellier,3.8548934,43.6173247
5041,Radis Noir,2019-06-19 21:15:01,"[{""day"":2,""startTime"":""18h30"",""endTime"":""20h30"",""frequency"":""biweekly"",""nthDayOfMonth"":null}]",https://cagette.b-cdn.net/img/471393ca11e9dd7954da7142fbe61a72.png,Le Radis Noir,37 Bis rue Pauly,33130,Bègles,-0.5408479,44.8180796
5127,A la ferme DANA,2019-07-01 16:40:53,"[{""day"":4,""startTime"":""17h00"",""endTime"":""19h00"",""frequency"":""monthly"",""nthDayOfMonth"":4}]",https://cagette.b-cdn.net/img/08f9ac0c1775641c9641e7dee1f7f24b.jpg,a la ferme,5 lieu dit marcay,86100,Senillé St Sauveur,0.600714,46.78844
5147,Dissay,2019-07-05 17:18:40,"[{""day"":3,""startTime"":""18h00"",""endTime"":""19h00"",""frequency"":""monthly""}]",https://cagette.b-cdn.net/img/c1f7dfe42d0aa14d6cb64eca759078b2.jpg,rue du parc,,86130,dissay,0.430684,46.700301
5151,marché de st sauveur,2019-07-07 19:34:55,"[{""frequency"":""adHoc"",""day"":5,""startTime"":""16h00"",""endTime"":""19h00"",""nthDayOfMonth"":null}]",https://cagette.b-cdn.net/img/013807f9efab7222ff0167d38701ceb9.jpg,st sauveur,place de la mairie st sauveur,86100,Senillé St Sauveur,0.6237562,46.8081868
5173,POUANCE : retrait à  la Ferme de la Chaise Rouge,2019-07-13 09:13:33,"[{""day"":3,""startTime"":""14h00"",""endTime"":""19h00"",""frequency"":""weekly""}]",https://cagette.b-cdn.net/img/pouanc-retrait-la-ferme-de-la-chaise-rouge_2cb42fcb346d7bcfd49ef8a47f8cf1bc.webp,Ferme de la Chaise Rouge,L'Herberie - Pouancé,49420,Ombrée d'Anjou,-1.192817,47.750851
5292,Les Paniers de L'Insa,2019-08-26 04:55:59,"[{""day"":4,""startTime"":""12h00"",""endTime"":""13h30"",""frequency"":""weekly""}]",https://cagette.b-cdn.net/img/6ca7d3de2a65f0920782d0fa5e2296c9.png,Insa Toulouse,135 avenue de Rangueil,31400,Toulouse,1.466846,43.571095
5294,La Ferme de Malet - retrait à  la ferme,2019-08-26 07:15:23,"[{""day"":3,""startTime"":""17h00"",""endTime"":""19h00"",""frequency"":""weekly""}]",https://cagette.b-cdn.net/img/977d051b0b54106e0f9a406dbf364114.png,Retrait à  la Ferme,Malet,32410,Beaucaire,0.393827,43.814839
5348,La Cagette de Mensignac,2019-09-09 14:48:55,"[{""day"":5,""startTime"":""16h30"",""endTime"":""18h00"",""frequency"":""weekly""}]",https://cagette.b-cdn.net/img/d7929fc33dab0b0557f08d1aa79bd6c3.jpg,Dans le hall du gymnase,Place des Charmes,24350,MENSIGNAC,0.559,45.228
5355,Ferme de Fons des Ores / Paniers Biovaleix Cébazat,2019-09-10 15:39:33,[],https://cagette.b-cdn.net/img/389a8c56134f55781597926f037dc997.jpg,"7, impasse du Pont",,63118,CEBAZAT,3.1053704,45.828627
5366,Ferme de Fons des Ores / Livraison Brioude,2019-09-11 20:44:34,"[{""day"":6,""frequency"":""adHoc"",""startTime"":""11h00"",""endTime"":""12h00"",""nthDayOfMonth"":null}]",https://cagette.b-cdn.net/img/d94451f599ee8b5bb81f612856fdcb52.jpg,Livraison Brioude,,43100,Brioude,3.39,45.28
5374,Ferme de Fons des Ores / Amap de Romagnat,2019-09-13 14:32:41,"[{""day"":2,""frequency"":""monthly"",""startTime"":""18h00"",""endTime"":""19h30"",""nthDayOfMonth"":3}]",https://cagette.b-cdn.net/img/17fc5f1e60ef7821460fd84d72cd5d67.jpg,"Salle André Raynoird, Av des Pérouses",,63540,ROMAGNAT,3.0940927,45.7245378
5375,Ferme de Fons des Ores / Aubamap,2019-09-13 15:09:40,"[{""day"":3,""frequency"":""adHoc"",""startTime"":""18h30"",""endTime"":""19h45"",""nthDayOfMonth"":null}]",https://cagette.b-cdn.net/img/3c0f80731d121db54e32ea9d68f4e191.jpg,11 rue Beaudonnat,,63170,Aubière,3.110678,45.751175
5405,Ferme de Fons des Ores / Amap d'Issoire,2019-09-23 08:03:45,"[{""day"":4,""frequency"":""monthly"",""startTime"":""18h30"",""endTime"":""19h30"",""nthDayOfMonth"":2}]",https://cagette.b-cdn.net/img/e52f282b8164911bf0776d47f3717be4.jpg,rue E. Grailhe (derrière la CAF),,63500,ISSOIRE,3.248128,45.54151
5422,ferme de Fons des Ores / Amap de Cournon,2019-09-27 08:02:41,"[{""day"":2,""frequency"":""adHoc"",""startTime"":""18h00"",""endTime"":""19h30"",""nthDayOfMonth"":null}]",https://cagette.b-cdn.net/img/457e4103cc7e64fbaa5b3e5d7732eb21.jpg,buvette-terrasse près du plan d'eau.,,63800,Cournon d'Auvergne,3.198177,45.741532
5426,AMAP (fromages) des 4 vents. Commandes par CB.,2019-09-27 20:08:23,"[{""day"":4,""frequency"":""biweekly"",""startTime"":""18h00"",""endTime"":""19h00"",""nthDayOfMonth"":null}]",https://cagette.b-cdn.net/img/amap-fromages-des-4-vents-commandes-par-cb_840461be46d3f48c1e38955ab0b8d90b.webp,Rue du Dr Suzanne Noël,,31000,Toulouse,1.444205,43.6046256
5443,Ferme de Fons des Ores / Paniers Champanellois,2019-10-01 08:30:33,"[{""day"":5,""frequency"":""monthly"",""startTime"":""18h30"",""endTime"":""19h45"",""nthDayOfMonth"":4}]",https://cagette.b-cdn.net/img/61285399d9b314add66131170082730e.jpg,Fontfreyde,,63122,St Genes Champanelle,3.018367,45.72031
5509,Vente à  la ferme,2019-10-09 20:47:13,"[{""frequency"":""weekly"",""day"":4,""startTime"":""16h30"",""endTime"":""18h30"",""nthDayOfMonth"":null}]",https://cagette.b-cdn.net/img/vente-la-ferme_f7d63c3a24bcc15d9300a2b6f173a27b.webp,Vente à  la ferme,23 route de la Forêt,33670,CREON,-0.3340272,44.7790687
5557,AIRBUS AISC - volailles fermières bio,2019-10-16 22:38:15,"[{""day"":4,""startTime"":""12h00"",""endTime"":""13h00"",""frequency"":""biweekly"",""nthDayOfMonth"":null}]",https://cagette.b-cdn.net/img/ffb9f19b09d3a2755a10461f3544fbe1.png,AIRBUS AISC,"8, rue Georges Lequiem",31700,Blagnac,1.3815573,43.6242256
5595,GAEC HENRIOT : Retrait à  la ferme,2019-10-22 16:29:59,"[{""day"":4,""startTime"":""17h00"",""endTime"":""19h00"",""frequency"":""monthly""}]",https://cagette.b-cdn.net/img/8caf9149392186b67f5a8148c71daa77.png,12 grande rue,,21700,VILLEBICHOT,5.0425342,47.139731
5597,THALES - volailles fermières bio,2019-10-22 18:48:35,"[{""day"":4,""startTime"":""17h00"",""endTime"":""17h30"",""frequency"":""biweekly""},{""day"":4,""startTime"":""17h00"",""endTime"":""17h30"",""frequency"":""everyFourWeeks"",""nthDayOfMonth"":null}]",https://cagette.b-cdn.net/img/234b2272a6dd4aa5ea5a62bb6798afe7.png,THALES AVIONICS,"105, Avenue du Général Eisenhower",31100,Toulouse,1.3822952,43.5644946
5598,ACAPELA - volailles fermières bio,2019-10-22 18:51:38,"[{""day"":4,""startTime"":""14h30"",""endTime"":""14h45"",""frequency"":""biweekly"",""nthDayOfMonth"":null}]",https://cagette.b-cdn.net/img/19f621c13ae3de21ea6f771f56021434.png,ACAPELA,"102, rue du Lac",31670,Labège,1.5167398,43.5354597
5599,ARTELIA - volailles fermières bio,2019-10-22 18:52:47,"[{""day"":4,""startTime"":""15h30"",""endTime"":""15h45"",""frequency"":""biweekly"",""nthDayOfMonth"":null}]",https://cagette.b-cdn.net/img/1b1ece0ddfdfacf39a28d5ba2d3879aa.png,ARTELIA,8 Rue De Vidailhan,31130,Balma,1.489573,43.624728
5600,CAFPI - volailles fermières bio,2019-10-22 18:53:41,"[{""day"":4,""startTime"":""15h45"",""endTime"":""16h00"",""frequency"":""biweekly""}]",https://cagette.b-cdn.net/img/7a4a48d280d814599866ac7584142e8a.png,CAFPI,"12, Avenue Georges Pompidou",31500,Toulouse,1.458792,43.6123072
5601,CONTINENTAL - volailles fermières bio,2019-10-22 18:54:27,"[{""day"":4,""startTime"":""13h30"",""endTime"":""13h45"",""frequency"":""biweekly""}]",https://cagette.b-cdn.net/img/6a25f5316bffb55e38aaaa314cb53b2a.png,CONTINENTAL,"1, Avenue Paul Ourliac",31100,Toulouse,1.3914167,43.5633064
5602,FLEURANCE - volailles fermières bio,2019-10-22 18:55:42,"[{""day"":5,""frequency"":""everyFourWeeks"",""startTime"":""10h30"",""endTime"":""11h00"",""nthDayOfMonth"":null}]",https://cagette.b-cdn.net/img/1574de38b141bf09a0b6668ece0b8cea.png,EPSL,,32500,fleurance,0.6632439,43.849456
5603,COTE PAVEE - volailles fermières bio,2019-10-22 18:56:31,"[{""day"":4,""startTime"":""15h45"",""endTime"":""16h00"",""frequency"":""biweekly""}]",https://cagette.b-cdn.net/img/e415dc240fc16e35f3d8c2a59dd8b05a.png,COTE PAVEE,,31500,Toulouse,1.46,43.61
5604,BALMA - volailles fermières bio,2019-10-22 18:59:16,"[{""day"":4,""startTime"":""15h30"",""endTime"":""15h45"",""frequency"":""biweekly""}]",https://cagette.b-cdn.net/img/6d304fa48ca8b8249205ce069eaff0b3.png,Balma,,31130,BALMA,1.5,43.59
5605,RAMONVILLE - volailles fermières bio,2019-10-22 19:00:08,"[{""day"":4,""startTime"":""14h00"",""endTime"":""14h15"",""frequency"":""biweekly""}]",https://cagette.b-cdn.net/img/6aae99e26cd92299bc6ae2e9f26ef365.png,centre-ville,"",31520,Ramonville-Saint-Agne,1.479223,43.547657
5607,YTHAK - volailles fermières bio,2019-10-22 19:03:06,"[{""day"":4,""startTime"":""16h00"",""endTime"":""16h15"",""frequency"":""biweekly""}]",https://cagette.b-cdn.net/img/a6fdec44590273af5dc8f07327d91f7b.png,YTHAK,Place Arago,31500,Toulouse,1.457486,43.614995
5608,SOLAGRO-ESPACES NATURELS - volailles fermières bio,2019-10-22 19:05:03,"[{""day"":4,""startTime"":""11h15"",""endTime"":""11h30"",""frequency"":""biweekly""}]",https://cagette.b-cdn.net/img/4311be9b9e4983a7dea41cc62f480d9e.png,Solagro,"75, voie du Toec",31000,Toulouse,1.4040413,43.6035714
5609,L'OUVERTURE - volailles fermières bio,2019-10-22 19:06:43,"[{""day"":5,""startTime"":""17h00"",""endTime"":""18h00"",""frequency"":""biweekly""},{""day"":5,""startTime"":""17h00"",""endTime"":""18h01"",""frequency"":""biweekly"",""nthDayOfMonth"":null}]",https://cagette.b-cdn.net/img/4343982aca40d2c66a21504acfccb858.png,L'Ouverture,place du Foirail,32120,Mauvezin,0.8783945,43.7318574
5614,CUGNAUX - volailles fermières bio,2019-10-22 19:13:25,"[{""day"":4,""startTime"":""11h00"",""endTime"":""11h15"",""frequency"":""biweekly""}]",https://cagette.b-cdn.net/img/f3b3c3b6534b35dff75898dc7425b6bc.png,Cugnaux,centre-ville,31270,Cugnaux,1.3372823,43.5432879
5616,TILLEULS - volailles fermières bio,2019-10-22 19:15:41,"[{""day"":4,""startTime"":""15h45"",""endTime"":""16h00"",""frequency"":""biweekly""}]",https://cagette.b-cdn.net/img/139ac122b0daac5bd0406a1f2033296b.png,Tilleuls,,31500,Toulouse,1.4773114,43.6040202
5640,Marché de la Ferme de La Noge - Quetigny,2019-10-27 11:47:38,"[{""day"":5,""startTime"":""14h30"",""endTime"":""18h30"",""frequency"":""weekly""}]",https://cagette.b-cdn.net/img/e12f48cdd96ca38754a7a3376ccf02b2.png,Ferme de la Noge,D 108,21800,Quetigny,5.117044,47.312494
5685,Vente a la ferme,2019-11-06 15:44:39,"[{""day"":5,""startTime"":""17h00"",""endTime"":""19h00"",""frequency"":""weekly""}]",https://cagette.b-cdn.net/img/a2719663e587b6802b1e63b82d819ebf.png,Le jardin de Briotte,1 Briotte,33190,Puybarban,-0.081378,44.557286
5716,AIRBUS LABEGE - volailles fermières bio,2019-11-09 22:22:05,"[{""day"":4,""startTime"":""14h45"",""endTime"":""15h00"",""frequency"":""biweekly""}]",https://cagette.b-cdn.net/img/84004706822ec54ce4ac096c459112bf.png,Airbus Labège,rue des cosmonautes,31670,Labège,1.49593,43.561166
5744,Domaine de la Frayse,2019-11-13 10:14:58,"[{""day"":2,""startTime"":""17h30"",""endTime"":""18h30"",""frequency"":""weekly""}]",https://cagette.b-cdn.net/img/f5c98d82dead3e3fc4487f4bf39663c3.png,Domaine de La Frayse,48 avenue de Lignan,33370,fargues saint hilaire,-0.447686,44.817179
5758,AJICEA - volailles femières bio,2019-11-14 13:50:09,"[{""day"":4,""startTime"":""15h15"",""endTime"":""15h30"",""frequency"":""biweekly""}]",https://cagette.b-cdn.net/img/15309a5a7e430e22a7f3661ffc000825.png,AJICEA,"19, Avenue Mercure",31130,Quint-Fonsegrives,1.5192175,43.5803799
5760,BULLE DE VIE - volailles fermières bio,2019-11-14 14:12:47,"[{""day"":4,""startTime"":""13h15"",""endTime"":""13h30"",""frequency"":""biweekly""}]",https://cagette.b-cdn.net/img/e643fecbbadcd89538502261e0a02097.png,BULLE DE VIE,358 avenue de Lardenne,31100,Toulouse,1.369443,43.590046
5762,MINIMES - volailles fermières bio,2019-11-14 14:28:44,"[{""day"":4,""startTime"":""16h00"",""endTime"":""16h15"",""frequency"":""biweekly""}]",https://cagette.b-cdn.net/img/00ebef49d6905525cf54f7160e69ce53.png,MINIMES,Avenue des Minimes,31200,Toulouse,1.435373,43.621412
5764,COLOMIERS - volailles fermières bio,2019-11-14 14:53:53,"[{""day"":4,""startTime"":""11h15"",""endTime"":""11h30"",""frequency"":""biweekly""}]",https://cagette.b-cdn.net/img/4155dca1faa003bec6621bba09d0b95e.png,colomiers,"",31770,Colomiers,1.333037,43.610903
5766,QUINT-FONSEGRIVES - volailles fermières bio,2019-11-14 15:40:46,"[{""day"":4,""startTime"":""15h15"",""endTime"":""15h30"",""frequency"":""biweekly""}]",https://cagette.b-cdn.net/img/122a1ab410205e22f30c457b4df65a0d.png,Quint-Fonsegrives,Fonsegrives,31130,Quint-Fonsegrives,1.5299179,43.585456
5768,SUD RADIO - volailles fermières bio,2019-11-14 21:23:42,"[{""day"":4,""startTime"":""14h30"",""endTime"":""14h45"",""frequency"":""biweekly""}]",https://cagette.b-cdn.net/img/bd758d938926847543751dcb36c92bb1.png,Sud Radio,allée du lac,31670,Labège,1.5150305,43.5363227
5769,ACTIF CONSEIL - volailles fermières bio,2019-11-14 22:01:06,"[{""day"":4,""startTime"":""15h00"",""endTime"":""15h15"",""frequency"":""biweekly""}]",https://cagette.b-cdn.net/img/e7a220d6c179e73dcddd797813ea7bf4.png,ACTIF CONSEIL,31 Avenue Marcel Dassault,31500,Toulouse,1.4949359,43.5800651
5838,DODIN CAMPENON BERNARD - volailles fermières bio,2019-11-22 22:25:34,"[{""day"":4,""startTime"":""11h30"",""endTime"":""11h45"",""frequency"":""biweekly""}]",https://cagette.b-cdn.net/img/726e2bfe720bd15c44c933079b98c2f5.png,DODIN CAMPENON BERNARD,"20, chemin de la Flambère",31026,Toulouse,1.3949301,43.6171825
5849,Les Jardins de Tirande - Saint Georges sur Allier,2019-11-25 08:50:05,"[{""day"":4,""startTime"":""19h00"",""endTime"":""20h00"",""frequency"":""weekly"",""nthDayOfMonth"":null}]",https://cagette.b-cdn.net/img/cf9dc6879ef2b3f294d72b2fc8230c84.png,Saint Georges sur Allier,Pour l'instant à  domicile,63800,Saint Georges sur Allier,3.2466955,45.7108043
6054,Chez le Merle Chanteur,2020-01-06 16:13:03,"[{""day"":3,""startTime"":""17h00"",""endTime"":""19h00"",""frequency"":""weekly""}]",https://cagette.b-cdn.net/img/de11cce8831fb12bbf6254bb015855d9.png,La ferme du Merle Chanteur,2 bis grande rue,54330,Forcelles Saint Gorgon,6.100083,48.456689
6058,CLINIQUE CROIX DU SUD - volailles fermières bio,2020-01-06 17:25:19,"[{""day"":4,""startTime"":""15h15"",""endTime"":""15h30"",""frequency"":""biweekly""}]",https://cagette.b-cdn.net/img/f8cce4daafa1d98d9de0d025b206a12e.png,Clinique Croix du Sud,"52, chemin de Ribaute",31130,Quint-Fonsegrives,1.5128449,43.5833837
6184,GAEC de St Dulcet - Vente à  la ferme,2020-01-28 12:30:15,"[{""day"":6,""startTime"":""10h00"",""endTime"":""12h00"",""frequency"":""weekly"",""nthDayOfMonth"":null}]",https://cagette.b-cdn.net/img/832a2873a48fc7d8477feba740fc8ccb.png,Ferme de St Dulcet,Tralourieux,19370,Chamberet,1.69888,45.571324
6305,AMAP (fromages) Patte D'oie TOULOUSE,2020-02-11 13:59:52,[],https://cagette.b-cdn.net/img/14461726543483e07ac3bf10ca81efd6.png,Patio de la paroisse du Sacré-Coeur,2 place de la patte d'oie,31300,Toulouse,1.4232609,43.5970637
6308,La Colinette à Azerat (vente à la ferme),2020-02-11 15:43:30,"[{""day"":6,""startTime"":""10h30"",""endTime"":""16h00"",""frequency"":""weekly"",""nthDayOfMonth"":null}]",https://cagette.b-cdn.net/img/34f6d39c4ace16ac540e9dc9c51ccab0.png,à la ferme,Le Poirier,24210,Azerat,1.113835,45.167996
6341,Les jardins de la joulainerie - retrait à  la ferme,2020-02-14 10:51:09,"[{""day"":4,""startTime"":""17h30"",""endTime"":""19h00"",""frequency"":""weekly""}]",https://cagette.b-cdn.net/img/b61c8d393de36f1ae597ee1e5dff02ec.png,Les jardins Joulainerie,la Joulainerie,49140,Villeveque - Rive du loir en Anjou,-0.446395,47.533775
6347,Le Filet de l'Araignée,2020-02-14 20:53:19,"[{""frequency"":""monthly"",""day"":4,""startTime"":""18h00"",""endTime"":""19h00"",""nthDayOfMonth"":2}]",https://cagette.b-cdn.net/img/fd2e74f9ae3dd647729bf766be124b6d.png,Centre associatif Le Rouvereau,,87130,Saint-Méard,1.542284,45.665729
6379,Bio jardin,2020-02-17 16:38:39,"[{""day"":2,""frequency"":""weekly"",""startTime"":""18h00"",""endTime"":""19h15"",""nthDayOfMonth"":null}]",https://cagette.b-cdn.net/img/b229ee42ec367de03b46051746d6c7d6.jpg,Place occitane - Rue du roc fleuri,"","",Cambon-lès-Lavaur,1.853568,43.586954
6403,Peyrignac - La ferme de Willy et Marion,2020-02-18 16:42:49,"[{""day"":2,""startTime"":""17h30"",""endTime"":""18h00"",""frequency"":""weekly""}]",https://cagette.b-cdn.net/img/c2639b976169c5173c263f8a70e8802b.png,La Brousse,6 La Brousse,24210,Peyrignac,1.179613,45.15974
6428,"Retrait à  la ferme - La Renaudelière, 44660 Fercé",2020-02-20 20:06:45,"[{""day"":5,""startTime"":""17h00"",""endTime"":""18h00"",""frequency"":""weekly""},{""day"":2,""startTime"":""17h00"",""endTime"":""18h00"",""frequency"":""weekly""}]",https://cagette.b-cdn.net/img/8bff361d7867debbb8fa723812c58cfc.png,La Renaudelière - vendredi soir,"","",Fercé,-1.415364,47.79554
6443,La Ferme des Tuileries - Vente à  la ferme,2020-02-23 23:26:07,"[{""day"":4,""startTime"":""16h00"",""endTime"":""18h00"",""frequency"":""weekly""}]",https://cagette.b-cdn.net/img/049e6182e3f189bcb7a73bcba7a64786.png,La Ferme des Tuileries,Le Bourg,19210,Saint-Eloy-les-tuileries,1.289847,45.4460638
6447,GAEC du Pain de Sucre - Retrait à  la ferme - Agincourt,2020-02-24 14:38:05,"[{""frequency"":""weekly"",""day"":5,""startTime"":""15h30"",""endTime"":""19h00"",""nthDayOfMonth"":null}]",https://cagette.b-cdn.net/img/2820defa0c94a9ed4e143bc4bbacebec.jpg,GAEC du Pain de Sucre - Retrait à  la ferme,rue des Jardins,54770,AGINCOURT,6.236235,48.731343
6506,VENDREDI - FERME DE LACOSTE-,2020-03-04 08:11:42,"[{""day"":5,""startTime"":""17h00"",""endTime"":""19h00"",""frequency"":""biweekly"",""nthDayOfMonth"":null},{""day"":5,""startTime"":""17h30"",""endTime"":""19h00"",""frequency"":""weekly"",""nthDayOfMonth"":null}]",https://cagette.b-cdn.net/img/c1bf7771f5d03519df17bc5aa3a4d771.png,La ferme de La Coste,lacoste,31540,Montégut Lauragais,1.927039,43.479384
6507,MARDI- FERME DE LA COSTE,2020-03-04 09:11:45,"[{""day"":2,""startTime"":""17h30"",""endTime"":""19h00"",""frequency"":""weekly""}]",https://cagette.b-cdn.net/img/828cf4ef7ace188af732d80de32aaf49.png,la Ferme de La Coste,lacoste,31540,Montégut Lauragais,1.926793,43.479454
6514,5 à  7 de Madranges,2020-03-04 21:53:49,"[{""day"":2,""startTime"":""17h00"",""endTime"":""19h00"",""frequency"":""weekly""}]",https://cagette.b-cdn.net/img/102e35ccf690e49738c892f0a972414a.png,Salle polyvalente de Madranges,Route du Lonzac,19470,Madranges,1.785221,45.473215
6534,AMAP Bio Chamalières,2020-03-06 17:03:30,"[{""day"":1,""startTime"":""18h15"",""endTime"":""19h45"",""frequency"":""weekly"",""nthDayOfMonth"":null}]",https://cagette.b-cdn.net/img/bdec782312c3b07b8217e48f28509188.png,"Foyer des Jeunes, 6 rue Paul Lapie",,63400,Chamalières,3.060484,45.77412
6559,La ferme de Did,2020-03-09 16:13:16,"[{""frequency"":""weekly"",""day"":3,""startTime"":""18h00"",""endTime"":""19h00"",""nthDayOfMonth"":null}]",https://cagette.b-cdn.net/img/c7c21659a0507ca0b32ee4df15cb539e.png,La ferme de Did,,27520,LES MONTS DU ROUMOIS,0.8365297,49.2705887
6571,Commande La Chèvre Â´Rit - Amap Phacélie,2020-03-10 14:27:27,"[{""day"":5,""startTime"":""18h00"",""endTime"":""19h15"",""frequency"":""biweekly""}]",https://cagette.b-cdn.net/img/0a43bb079ef8483085dbdd96aa79dd49.png,Salle Albert Schweitzer,rue Marie Marvingt,54710,Ludres,6.163629,48.618518
6585,Ferme des RaThaupiers - Les Vignaux - Frontignan - Lundi,2020-03-11 14:00:55,"[{""day"":1,""startTime"":""18h00"",""endTime"":""18h30"",""frequency"":""weekly""}]",https://cagette.b-cdn.net/img/a9accb3e64335ecb878d2fdec14ad1b5.png,Rue Olivier de Serres,Impasse des Vignaux,34110,Frontignan,3.7463024,43.4444035
6613,La Dynamo - retrait à  la ferme le mercredi,2020-03-15 11:42:01,"[{""day"":3,""startTime"":""17h00"",""endTime"":""18h30"",""frequency"":""weekly"",""nthDayOfMonth"":null}]",https://cagette.b-cdn.net/img/32bbf124629cc21b51976fc95b99289f.png,Ferme La Dynamo,515 Route De La Veyssière,24350,Mensignac,0.534995,45.202138
6623,Au Pré fleuri,2020-03-16 09:30:54,"[{""day"":5,""startTime"":""17h00"",""endTime"":""18h30"",""frequency"":""weekly""}]",https://cagette.b-cdn.net/img/06cac3d4d6eb155d0a52b3ef254c6888.jpg,à  la ferme,1 rue du rand gauchenot,88130,Florémont,6.2581653,48.3619711
6651,Les Jardins du Pont de Chêne - Retrait sur place le Vendredi,2020-03-18 21:11:50,"[{""day"":5,""startTime"":""16h00"",""endTime"":""19h00"",""frequency"":""weekly""}]",https://cagette.b-cdn.net/img/31fa99fbd985297980ef9c9f78cf3141.png,Les Jardins du Pont de Chêne,102 Route Du Pont De Chêne,69340,Chaponost,4.737924,45.726677
6689,GAEC DE LA MAURINIE Montauban marché du samedi matin,2020-03-20 15:12:53,"[{""day"":6,""startTime"":""8h01"",""endTime"":""13h00"",""frequency"":""weekly""}]",https://cagette.b-cdn.net/img/6d2799586cbf826cec6d127eda9af06a.png,MONTAUBAN Centre sur le marché de PRODUCTEURS,Alléee de l''Empereur (entre préfecture et poste),82000,montauban,1.36,44.02
6707,La cagette de Grignols en Dordogne,2020-03-21 17:37:04,"[{""day"":5,""startTime"":""17h30"",""endTime"":""18h30"",""frequency"":""weekly""}]",https://cagette.b-cdn.net/img/b92eabcc90286275a528bc435adcc816.png,halle de grignols,Le Bourg,24110,GRIGNOLS,0.5393353,45.0829978
6764,Domaine du Kheir (Pont de Dore),2020-03-24 09:19:26,"[{""day"":3,""startTime"":""17h00"",""endTime"":""19h00"",""frequency"":""weekly"",""nthDayOfMonth"":null}]",https://cagette.b-cdn.net/img/634baab99e76d468cd0a01f8fbed447c.png,Domaine du kheir,18 IMPASSE DU MOULIN,63920,PESCHADOIRES,3.50037,45.8377216
6797,distribution la Ferme aux Prim'verts,2020-03-25 06:11:24,"[{""day"":5,""frequency"":""weekly"",""startTime"":""17h30"",""endTime"":""19h00"",""nthDayOfMonth"":null}]",https://cagette.b-cdn.net/img/b9daadc5f33253bdea65c4463e5cf9e8.png,la ferme aux prim'verts,lieu dit vialas,81220,damiatte,2.0045877,43.6727418
6899,Lo pimparèl du moulin,2020-03-27 10:19:22,"[{""day"":2,""startTime"":""12h00"",""endTime"":""13h30"",""frequency"":""weekly""}]",https://cagette.b-cdn.net/img/7169d0437f31a36fd5c08d06659489b4.png,78 avenue de Castres,,31250,Revel,2.01,43.46
6929,La Dépaysante  -  La Gane de La Vialatte (Ste Fort.),2020-03-27 20:34:58,"[{""day"":2,""frequency"":""biweekly"",""startTime"":""17h30"",""endTime"":""18h30"",""nthDayOfMonth"":null}]",https://cagette.b-cdn.net/img/eaa1215fe908839451273c8d0926d903.jpg,Lieu dit La Gane de la Vialate,Impasse De La Gane De La Vialatte,19490,Sainte-Fortunade,1.735819,45.213251
6948,La ferme du bout d'chemin,2020-03-28 06:58:10,"[{""day"":5,""startTime"":""8h00"",""endTime"":""12h00"",""frequency"":""weekly""}]",https://cagette.b-cdn.net/img/589c07570c337e942b13748ae34c1dc9.jpg,le marché,12 rue carnot,21500,montbard,,
6970,Drive fermier Vandoeuvre-lès-Nancy - Ferme de la Fontenelle,2020-03-28 10:51:09,"[{""day"":5,""startTime"":""16h00"",""endTime"":""19h30"",""frequency"":""weekly""}]",https://cagette.b-cdn.net/img/440956b939b5b46852c5ea1646b23932.png,Place du Marché couvert,rue de Belgique,54500,Vandoeuvre-lès-Nancy,6.172583,48.665087
7015,L'écho Loco,2020-03-28 18:56:38,"[{""frequency"":""weekly"",""day"":4,""startTime"":""17h00"",""endTime"":""19h00"",""nthDayOfMonth"":null}]",https://cagette.b-cdn.net/img/37d62a95a7a23c1e3664682c0fca83dc.png,centre ville,mairie,81500,LABASTIDE SAINT GEORGES,1.84337,43.6995
7112,Le panier des productrices - Verdun,2020-03-29 18:15:12,"[{""day"":4,""startTime"":""17h45"",""endTime"":""19h00"",""frequency"":""weekly""}]",https://cagette.b-cdn.net/img/3ec1b4863765ded9f550f8f6cbb6eac0.jpg,LE PANIER DES PRODUCTRICES - VERDUN,Avenue du Parc des Sports,82600,Verdun-sur-Garonne,1.2370589001530732,43.85345811584227
7118,Panier Collectif Producteurs en Lavedan,2020-03-29 19:01:15,"[{""day"":4,""startTime"":""17h30"",""endTime"":""19h00"",""frequency"":""weekly"",""nthDayOfMonth"":null}]",https://cagette.b-cdn.net/img/panier-collectif-producteurs-en-lavedan_4b81df9f2696360b6e7b2e685451e422.webp,Espace de la Gare ,19 Avenue De La Marne,65400,Argelès-Gazost,-0.094904,43.007374
7139,Le panier des productrices - Mas Grenier,2020-03-29 21:48:21,"[{""day"":4,""startTime"":""17h00"",""endTime"":""17h15"",""frequency"":""weekly""}]",https://cagette.b-cdn.net/img/c63ca0d9c28d73e173d3155a7594ea4c.png,Mas Grenier,Halle,82600,Mas Grenier,1.19577,43.89004
7192,Chamberet - La ferme de Willy et Marion,2020-03-30 15:38:10,"[{""day"":2,""startTime"":""11h30"",""endTime"":""12h00"",""frequency"":""weekly""}]",https://cagette.b-cdn.net/img/3bfb8ec9f53399a9fffb6f90adac0382.jpg,Retrait à  la ferme,Le Cheyron,19370,CHAMBERET,1.664055,45.58986
7340,Les jardins de la lupte,2020-04-01 23:16:09,"[{""frequency"":""weekly"",""day"":5,""startTime"":""16h30"",""endTime"":""18h00"",""nthDayOfMonth"":null}]",https://cagette.b-cdn.net/img/7a2e38f732a5aca92b82fee54954f05c.png,Les jardins de la Lupte,374 Route de Labarthe,82220,LABARTHE,1.314871,44.208136
7436,L'épi de BEAUPUY,2020-04-03 19:34:55,"[{""day"":5,""startTime"":""16h30"",""endTime"":""19h30"",""frequency"":""weekly""},{""day"":1,""startTime"":""16h30"",""endTime"":""19h30"",""frequency"":""weekly""}]",https://cagette.b-cdn.net/img/l-pi-de-beaupuy_184baec27f41f455f460aa96ef1588d1.webp,Magasin à  la ferme,"Lieu-dit ""A Magret""",82600,BEAUPUY,1.117506,43.821334
7451,La Ferme de Coat-Squiriou,2020-04-04 01:01:32,"[{""day"":3,""startTime"":""16h30"",""endTime"":""19h00"",""frequency"":""weekly""}]",https://cagette.b-cdn.net/img/54dd9180489f2bc1e49205e82f6c0740.png,Distribution à  la ferme,Hent Coat Squiriou,29180,Quéménéven,-4.110491,48.109832
7563,Vente à  la Ferme du Hallay - Paysans du Vignoble,2020-04-06 00:05:23,"[{""day"":5,""frequency"":""weekly"",""startTime"":""18h00"",""endTime"":""19h00"",""nthDayOfMonth"":null}]",https://cagette.b-cdn.net/img/2996398c48a478d20b038a6c2b31e6a3.png,La Ferme du Hallay,Le Hallay,44690,LA HAYE FOUASSIERE,-1.4093807,47.1720099
7579,L'union - Panier marché des accacias,2020-04-06 10:59:13,"[{""day"":3,""startTime"":""16h00"",""endTime"":""18h30"",""frequency"":""weekly""}]",https://cagette.b-cdn.net/img/169d96c6f32e9b22f195d89797abe41d.png,Place des acacias- centre commercial acacias ,Rue Des Glycines,31240,L'Union,1.473054,43.657474
7619,Retrait de fruits et légumes au marché de Moissac,2020-04-06 19:01:03,"[{""day"":6,""startTime"":""8h00"",""endTime"":""12h00"",""frequency"":""weekly""}]",https://cagette.b-cdn.net/img/79b4b8f3841e359cd8ec893ab4d863d4.jpg,Marché du Samedi de Moissac,Place de Récollets,82200,Moissac,1.0859254,44.1038166
7663,Marché fermier BIO - Ferme du Porc qui Dore,2020-04-07 13:13:24,"[{""day"":5,""startTime"":""16h00"",""endTime"":""19h30"",""frequency"":""weekly"",""nthDayOfMonth"":null}]",https://cagette.b-cdn.net/img/9ac60b08a8341527aa734d0c70cac66e.png,Vandoeuvre marché couvert,,54500,VANDOEUVRE-LES-NANCY,6.18,48.67
7688,JARDIN GOURMAND BIO - volailles fermières bio,2020-04-07 17:58:51,"[{""day"":5,""frequency"":""everyFourWeeks"",""startTime"":""17h00"",""endTime"":""18h00"",""nthDayOfMonth"":null}]",https://cagette.b-cdn.net/img/49bb54a78fa47d050adcf296f6a93e8f.png,jardin gourmand bio,Allée baquelle,33470,gujan-mestras,-1.088941,44.620563
7794,GAEC DE LA MAURINIE au  Fournil à   Molières de 17h-19h,2020-04-09 15:13:41,"[{""day"":5,""startTime"":""17h00"",""endTime"":""19h00"",""frequency"":""weekly""}]",https://cagette.b-cdn.net/img/0d5a61240e96ecd74f0aa3159f9fc44a.png,Molières FOURNIL DE LA MAURINIE SAINT CHRISTOPHE MOLIERES,"","",Molières,1.362047,44.192345
7902,Les Bios du coin - Valleroy-le-sec (88),2020-04-12 10:24:48,"[{""day"":2,""startTime"":""14h30"",""endTime"":""22h00"",""frequency"":""weekly"",""nthDayOfMonth"":null}]",https://cagette.b-cdn.net/img/8b905e68fba1bda328d12a6355a8b8c7.png,Valleroy-le-sec,361 Rue d'Hareville,88800,Valleroy-le-Sec,6.010134,48.189286
7912,Distribution à  Mons vendredi de 16h à  19h,2020-04-12 15:02:45,"[{""day"":5,""startTime"":""16h00"",""endTime"":""19h00"",""frequency"":""weekly"",""nthDayOfMonth"":null}]",https://cagette.b-cdn.net/img/5b04727eb043a58434651fac71a4e3c8.png,Place du marché,,31280,Mons,1.575329,43.610642
7914,Marché de Castres de 7h à  12h,2020-04-12 15:20:06,"[{""day"":6,""startTime"":""7h00"",""endTime"":""12h00"",""frequency"":""weekly"",""nthDayOfMonth"":null}]",https://cagette.b-cdn.net/img/7856a6dc25e9df39da8481352f7fe2d2.png,MARCHE DE CASTRES,Place Jean Jaurès,81100,Castres,2.241741,43.60554
7915,Distribution à  En Banquet,2020-04-12 15:25:33,"[{""day"":4,""frequency"":""weekly"",""startTime"":""17h30"",""endTime"":""19h30"",""nthDayOfMonth"":null}]",https://cagette.b-cdn.net/img/8468e2bd36eb6e528d8a110d21237ccc.png,GAEC DES GRAINES DANS LE VENT,En Banquet,81700,Puylaurens,1.966209,43.5929829
7945,Le Pain de Pomme - Retrait au fournil,2020-04-13 10:28:36,"[{""day"":5,""startTime"":""16h00"",""endTime"":""19h30"",""frequency"":""weekly""}]",https://cagette.b-cdn.net/img/d05904d3b5126108725276d4a1963bbd.png,Boulangerie Le Pain de Pomme,1344 Route de Chantecaille,87380,Saint-Germain-les-Belles,1.488591010510163,45.59293117706818
7963,Le Potager Sauvage - vente à  la ferme,2020-04-13 15:30:58,"[{""day"":5,""startTime"":""16h30"",""endTime"":""19h30"",""frequency"":""weekly""}]",https://cagette.b-cdn.net/img/0a22a4d3651ee996f3443369e6a422c2.png,Le Potager Sauvage,19 chemin des platières,85710,CHATEAUNEUF,-1.9083676,46.9154373
7984,CREON - volailles fermières bio,2020-04-13 21:57:52,"[{""day"":6,""startTime"":""9h00"",""endTime"":""10h00"",""frequency"":""everyFourWeeks"",""nthDayOfMonth"":null}]",https://cagette.b-cdn.net/img/00a06c9bd5cca6f4428d775c7a0ab107.png,jardin des délices,1112 Route De Camblanes,33670,Saint-Genès-de-Lombaud,-0.37195810876778523,44.76457327546038
7999,Drive Fermier de GANIC ,2020-04-14 13:48:16,"[{""day"":3,""startTime"":""17h30"",""endTime"":""18h30"",""frequency"":""weekly"",""nthDayOfMonth"":null},{""day"":5,""startTime"":""17h30"",""endTime"":""18h00"",""frequency"":""weekly"",""nthDayOfMonth"":null}]",https://cagette.b-cdn.net/img/56d1c9f5f77053115fa94782442687a2.png,Lait freres,1780 Route de Ganic,46170,Castelnau-Montratier,1.3927962256802005,44.2492631803803
8082,Ferme de la Reversaie - retrait aux Halles de GENCAY,2020-04-15 21:09:40,"[{""day"":2,""startTime"":""17h30"",""endTime"":""18h30"",""frequency"":""weekly""}]",https://cagette.b-cdn.net/img/d1c98b0574426fbc70d1d67e045bc1eb.png,Café cantine,Place de la Mairie,86160,Gençay,0.4038157,46.3742645
8188,La ferme des trois arches,2020-04-18 08:51:17,"[{""day"":5,""startTime"":""16h15"",""endTime"":""18h00"",""frequency"":""weekly""}]",https://cagette.b-cdn.net/img/89122f3fac9add033bd19466d091a2a0.png,Earl des trois arches,535 Route De La Caisserie,33430,Cudos,-0.22326,44.393726
8269,Vente à  la ferme ArcenSol,2020-04-19 14:29:51,"[{""day"":6,""startTime"":""10h00"",""endTime"":""12h00"",""frequency"":""weekly""}]",https://cagette.b-cdn.net/img/52b85ad434b674e7663f4f02ca963f6a.png,vente à  la ferme l'ArcenSol,"121, rue de l'abbé Touba",57450,Cappel,6.846398,49.0716896
8316,"Distribution à  la ferme Vert d'autan (Carbes), JEU. 16H30-19H00",2020-04-20 11:51:31,"[{""day"":4,""startTime"":""16h30"",""endTime"":""19h30"",""frequency"":""weekly"",""nthDayOfMonth"":null},{""day"":4,""startTime"":""16h30"",""endTime"":""19h00"",""frequency"":""weekly"",""nthDayOfMonth"":null}]",https://cagette.b-cdn.net/img/0c501c5b61474991129d4f5779c5daf6.jpg,Vert d'Autan,Mandoul,81570,Carbes,2.165839,43.643218
8419,Boulangerie Cantegrel au fournil,2020-04-22 10:00:50,"[{""day"":5,""startTime"":""18h00"",""endTime"":""20h00"",""frequency"":""weekly""},{""day"":2,""startTime"":""18h00"",""endTime"":""20h00"",""frequency"":""weekly""}]",https://cagette.b-cdn.net/img/2a541866dfbe6ad154674375b69d2b97.png,Boulangerie Cantegrel,Cantegrel,24250,Daglan,1.21,44.79
8432,A la Source,2020-04-22 13:51:12,"[{""day"":4,""startTime"":""18h00"",""endTime"":""19h00"",""frequency"":""biweekly"",""nthDayOfMonth"":null}]",https://cagette.b-cdn.net/img/2bcc7b974adceba2a5bb962f5cfe3ec6.png,Le Chai,"","",Bonnat,1.904175,46.327843
8454,Cagette du Bourg,2020-04-22 19:23:55,"[{""day"":2,""startTime"":""18h30"",""endTime"":""20h00"",""frequency"":""monthly"",""nthDayOfMonth"":4}]",https://cagette.b-cdn.net/img/64899ab49e2b1e1f34430c4b4e587c76.png,"Chez Monique, D66E, route de verfeil, 1ère maison à  droite",153 En Parreine,31570,Bourg-Saint-Bernard,1.71455,43.60972
8498,Fromagerie Lesire & Roger,2020-04-23 17:27:32,"[{""day"":4,""startTime"":""8h30"",""endTime"":""16h30"",""frequency"":""weekly""},{""day"":5,""startTime"":""8h30"",""endTime"":""16h30"",""frequency"":""weekly""},{""day"":2,""startTime"":""8h30"",""endTime"":""16h30"",""frequency"":""weekly"",""nthDayOfMonth"":null},{""day"":3,""startTime"":""8h30"",""endTime"":""16h30"",""frequency"":""weekly"",""nthDayOfMonth"":null}]",https://cagette.b-cdn.net/img/77604b133050e450c8114b2769c0655a.png,Fromagerie Lesire & Roger,"11, rue Dardenne",02500,Mondrepuis,4.058603,49.960726
8603,Boulangerie Cantegrel marché Belvès,2020-04-26 12:52:54,"[{""day"":6,""startTime"":""8h00"",""endTime"":""12h00"",""frequency"":""weekly""}]",https://cagette.b-cdn.net/img/e86f4e414bff2948847af82991e88e49.png,place du marché,place des Armes,24170,Pays de Belvès,0.99,44.82
8641,EARL de NOUERE - Retrait à  la ferme,2020-04-27 14:34:44,"[{""day"":4,""startTime"":""16h00"",""endTime"":""18h30"",""frequency"":""weekly"",""nthDayOfMonth"":null}]",https://cagette.b-cdn.net/img/13106ae1e070e99efb8f09b67395e6e5.jpg,EARL de NOUERE,1 rue de la mare sèche,86200,LOUDUN,0.12677,46.979218
8684,La Bioferme de St Aubin - Vente à  la ferme,2020-04-28 16:37:13,"[{""day"":6,""startTime"":""10h30"",""endTime"":""11h30"",""frequency"":""weekly"",""nthDayOfMonth"":null},{""day"":1,""startTime"":""17h00"",""endTime"":""19h00"",""frequency"":""adHoc"",""nthDayOfMonth"":null}]",https://cagette.b-cdn.net/img/361ed9918925be0d49bd7e550f47ca2c.png,Vente directe à  la ferme,Route du Mautemps,33160,St Aubin de Médoc,-0.73673,44.936378
8695,Amap La Rainette - Moulin du Petit Poucet,2020-04-28 18:48:08,"[{""day"":5,""startTime"":""18h00"",""endTime"":""19h45"",""frequency"":""weekly""}]",https://cagette.b-cdn.net/img/6d39587cc0d18ca20e0b6ca954f15f50.png,MJC Nomade,,"","",,
8739,Deboise - LEGUMES - les paniers des Saudins - retrait à  Vimory,2020-04-29 20:20:38,"[{""day"":5,""startTime"":""16h30"",""endTime"":""17h45"",""frequency"":""weekly""}]",https://cagette.b-cdn.net/img/9abeedaf66fceab2214862e07d75bff8.jpg,Place du Cas Rouge le long de la Grande Rue,4 place du cas rouge,45200,Vimory,2.684988,47.946089
8785,Le potager des 1000 saveurs,2020-05-01 11:18:30,"[{""day"":3,""startTime"":""15h30"",""endTime"":""19h30"",""frequency"":""weekly""}]",https://cagette.b-cdn.net/img/0225214c9c3b5ed0b5379c695ac5d509.png,Le potager des 1000 saveurs,152 route de Grenoble,38690,Châbons,5.429951,45.432115
8836,Vente à  la ferme de la Chèvrerie des Chênes,2020-05-02 13:54:46,"[{""day"":5,""startTime"":""18h00"",""endTime"":""19h30"",""frequency"":""weekly"",""nthDayOfMonth"":null}]",https://cagette.b-cdn.net/img/4f1bc024cc7f78cb7f4abf92c2e25996.png,La Chèvrerie des Chênes,1058 route de Saint Etienne de Tulmont,82230,Monclar de Quercy,1.5595,44.000149
8839, Jardins de Pan,2020-05-02 14:29:36,"[{""day"":5,""startTime"":""17h00"",""endTime"":""18h30"",""frequency"":""weekly"",""nthDayOfMonth"":null}]",https://cagette.b-cdn.net/img/d05904d3b5126108725276d4a1963bbd.png,Les Jardins de Pan,Latronche,87380,St VITTE SUR BRIANCE,1.47,45.59
8852,Le Croque Jardin - retrait à  la ferme (Bertignat),2020-05-03 09:41:46,"[{""day"":2,""startTime"":""16h00"",""endTime"":""18h30"",""frequency"":""weekly"",""nthDayOfMonth"":null}]",https://cagette.b-cdn.net/img/eb9c5f32b1e639b88f120f6bb02e1be1.png,Le Croque jardin - Champandelet,,63480,Bertignat,3.70010535398334,45.6158455412058
8927,Jauberria - Retrait à  la ferme le lundi et le vendredi,2020-05-05 09:51:47,"[{""day"":5,""frequency"":""weekly"",""startTime"":""17h30"",""endTime"":""19h00"",""nthDayOfMonth"":null},{""day"":1,""frequency"":""weekly"",""startTime"":""17h30"",""endTime"":""19h00"",""nthDayOfMonth"":null},{""day"":2,""startTime"":""18h00"",""endTime"":""20h00"",""frequency"":""weekly"",""nthDayOfMonth"":null}]",https://cagette.b-cdn.net/img/9d582ef0594a162e4d2954ae6351161f.png,Jauberria,103 route de Garris,64120,Amendeuix-Oneix,-1.044181,43.353254
9112,les abeilles du Rhône sportif,2020-05-11 22:12:57,[],https://cagette.b-cdn.net/img/596e4603b3b660ef627e185d6dbd8979.png,Rhone sportif,"18, rue tranquille",69100,Villeurbanne,4.898473,45.784675
9140,GAEC DE LA MAURINIE Toulouse dimanche  Marché de Saint AUBIN,2020-05-12 21:44:03,"[{""day"":0,""startTime"":""8h00"",""endTime"":""13h30"",""frequency"":""weekly""}]",https://cagette.b-cdn.net/img/b03de8fdc3f9e81488032cd49ba1bb53.png,Marché de SAINT AUBIN,Boulevard Michelet,31000,TOULOUSE,1.44,43.6
9191,La Dépaysante - La ferme de la Maurie (Seilhac),2020-05-15 12:23:49,"[{""day"":2,""frequency"":""weekly"",""startTime"":""18h00"",""endTime"":""20h00"",""nthDayOfMonth"":null}]",https://cagette.b-cdn.net/img/90abc5df70e86417ef9f98d7d1f15ed9.jpg,Ferme de la Maurie,Cabanes de la Maurie,19700,Seilhac,1.749224,45.368504
9192,La Dépaysante - Les jardins du Moulin (St-Priest-de-Gimel),2020-05-15 12:24:22,"[{""day"":2,""startTime"":""17h30"",""endTime"":""19h00"",""frequency"":""weekly""}]",https://cagette.b-cdn.net/img/d94ac6a17d01cffccbf78df2dc1512a9.png,Les jardins du Moulin,3 au Moulin,19800,Saint-Priest-de-Gimel,1.8685,45.300489
9193,La Dépaysante - Tulle,2020-05-15 12:24:58,"[{""day"":2,""frequency"":""weekly"",""startTime"":""18h00"",""endTime"":""19h00"",""nthDayOfMonth"":null}]",https://cagette.b-cdn.net/img/la-d-paysante-tulle_5afed91d1d9fde938229012409e2e2d0.webp,Atelier low tech,7 Quai Victor Continsouza,19000,Tulle,1.7759239966262044,45.27104329046904
9330, Verger de Vergnas,2020-05-23 18:20:33,"[{""day"":5,""startTime"":""15h00"",""endTime"":""18h00"",""frequency"":""weekly"",""nthDayOfMonth"":null}]",https://cagette.b-cdn.net/img/782e7f07eb403d4a086d468476797702.png,Le Verger de Vergnas,Vergnas,87260,VICQ SUR BREUILH,1.36,45.69
9340,Marché Cagette de St Sulpice les Feuilles,2023-10-22 00:00:00,"[{""day"":2,""startTime"":""9h30"",""endTime"":""11h30"",""frequency"":""weekly""}]",https://cagette.b-cdn.net/img/1b35b8bcaf11cd1a78fd21138a556829.jpg,Place de l'église,,87160,St Sulpice les Feuilles,1.36,46.31
9440,Le Drive Maraîcher de Luz-Saint-Sauveur,2020-06-01 19:31:20,"[{""day"":1,""startTime"":""7h00"",""endTime"":""12h00"",""frequency"":""weekly"",""nthDayOfMonth"":null}]",https://cagette.b-cdn.net/img/1b6a04c4414d36abcbcf2f181ba9c41a.png,rue de la Poste,Rue De La Poste,65120,Luz-Saint-Sauveur,-0.004602,42.872249
9445,JARDIN DU MASCARET - volailles fermières bio,2020-06-01 21:23:35,"[{""day"":6,""startTime"":""11h00"",""endTime"":""12h00"",""frequency"":""everyFourWeeks"",""nthDayOfMonth"":null}]",https://cagette.b-cdn.net/img/fc4e8341143c68b510e9f21f718074ac.png,cabane d'Isa,1292 Route De Malagar,33880,Baurech,-0.437293,44.725128
9605,La Cagette de Saint-Germain,2020-06-11 15:12:10,"[{""day"":6,""startTime"":""11h30"",""endTime"":""12h30"",""frequency"":""weekly"",""nthDayOfMonth"":null}]",https://cagette.b-cdn.net/img/db63a84d9f8578cb2099e3907378c883.jpg,Ancienne Scierie,24 Route De Saint-Astier,24190,Saint-Germain-du-Salembre,0.4518815347130669,45.13839991942436
9655,Retrait au marché - Samedi matin à  Chateaubriant,2020-06-15 22:23:03,"[{""day"":6,""startTime"":""8h00"",""endTime"":""12h15"",""frequency"":""weekly""}]",https://cagette.b-cdn.net/img/dcda90839ffa37fc37d9b5d48f07d1d4.png,Place de la Motte,Place de la Motte,44110,Châteaubriant,-1.377741,47.717896
9679,Everial livraison produits de la RUCHE,2020-06-18 07:25:48,[],https://cagette.b-cdn.net/img/37f4385c246c6d1735da21053e7eb1c9.png,EVERIAL,1691 Avenue de l'Hippodrome,69140,Rillieux-la-Pape,4.874271,45.809686
9689,Les Jardins du Pont de Chêne - Retrait sur place le Mardi,2020-06-19 13:22:04,"[{""frequency"":""weekly"",""day"":2,""startTime"":""16h00"",""endTime"":""19h00"",""nthDayOfMonth"":null}]",https://cagette.b-cdn.net/img/31fa99fbd985297980ef9c9f78cf3141.png,Les Jardins du Pont de Chêne,102 Route Du Pont De Chêne,69340,Chaponost,4.737924,45.726677
9704,Point de Vente à  la ferme Cérès,2020-06-22 12:46:27,"[{""day"":5,""frequency"":""weekly"",""startTime"":""9h30"",""endTime"":""18h30"",""nthDayOfMonth"":null},{""day"":4,""frequency"":""weekly"",""startTime"":""9h30"",""endTime"":""18h30"",""nthDayOfMonth"":null},{""day"":3,""frequency"":""weekly"",""startTime"":""9h00"",""endTime"":""18h30"",""nthDayOfMonth"":null},{""day"":6,""frequency"":""weekly"",""startTime"":""9h00"",""endTime"":""12h00"",""nthDayOfMonth"":null},{""day"":2,""startTime"":""16h30"",""endTime"":""18h30"",""frequency"":""weekly"",""nthDayOfMonth"":null}]",https://cagette.b-cdn.net/img/36d92c74edf6948eadb3b7f2b7f7f963.png,Ferme Cérès,"Chemin du Saule,",21220,Brochon,4.991771,47.235684
9770,Les jardins de Verfeil - retrait à  la ferme,2020-06-28 16:16:51,"[{""day"":5,""frequency"":""weekly"",""startTime"":""17h00"",""endTime"":""18h30"",""nthDayOfMonth"":null}]",https://cagette.b-cdn.net/img/dde26cfdac7c776aaf9a5a82606427d0.png,Les jardins de Verfeil,Chemin Fount Nobo,31590,Verfeil,1.660173,43.659266
9822,Le Potager Sauvage - livraison à  Sallertaine,2020-07-02 12:49:47,"[{""day"":2,""startTime"":""16h30"",""endTime"":""19h00"",""frequency"":""weekly"",""nthDayOfMonth"":null}]",https://cagette.b-cdn.net/img/0a22a4d3651ee996f3443369e6a422c2.png,Cave La fleur des vignes,7 place de la liberté,85300,SALLERTAINE,-1.959358,46.859461
9860,Marché de Teulat,2020-07-08 08:55:13,"[{""day"":4,""startTime"":""17h00"",""endTime"":""20h00"",""frequency"":""weekly""}]",https://cagette.b-cdn.net/img/0af343a0bd2928263d45fff68ba416ff.png,Jardin Public/Place du marché,2 route des coteaux,81500,TEULAT,1.69847,43.635758
9913,La Bioutik' - vente du vendredi,2020-07-19 21:39:48,"[{""day"":5,""startTime"":""13h30"",""endTime"":""19h00"",""frequency"":""weekly"",""nthDayOfMonth"":null}]",https://cagette.b-cdn.net/img/14d8dc8b7dbc715a455afea99744ab66.png,La Bioutik',7 rue Lucien BRIAND,27Â 670,St Ouen du Tilleul,0.954136,49.290484
9939,Vente à  la ferme au Jardin du Papet,2020-07-24 06:18:49,"[{""day"":1,""frequency"":""weekly"",""startTime"":""17h30"",""endTime"":""18h30"",""nthDayOfMonth"":null},{""day"":5,""frequency"":""weekly"",""startTime"":""17h30"",""endTime"":""18h30"",""nthDayOfMonth"":null}]",https://cagette.b-cdn.net/img/vente-la-ferme-au-jardin-du-papet_1256e738e18ad482bd22b057887f8658.webp,A la ferme Le jardin du Papet,417 chemin des carrairades,13940,Mollégès,4.928274,43.801133
9981,Les Jardins de la Sanguèze / Mouzill'œuf - Paysans du Vignoble,2020-07-30 17:32:38,"[{""day"":5,""startTime"":""17h30"",""endTime"":""19h30"",""frequency"":""weekly"",""nthDayOfMonth"":null}]",https://cagette.b-cdn.net/img/d208841a3e83d96af1ab9beeb719779e.jpg,Les Jardins de la Sanguèze,La Blandinairie,44330,Mouzillon,-1.289012,47.132989
10014,La ferme du petit tracteur - point de retrait à  la ferme,2020-08-06 15:13:02,"[{""day"":5,""startTime"":""16h30"",""endTime"":""19h00"",""frequency"":""weekly""}]",https://cagette.b-cdn.net/img/be3d2f4aff971de3940ef1399b503210.jpg,Ferme du petit tracteur,"1395, rue de l'ozon (le creux)",42560,Boisset saint Priest,4.135462,45.512385
10070,Vente à  La Ferme des Champs de Bonzac,2020-08-17 21:53:47,"[{""day"":2,""frequency"":""weekly"",""startTime"":""16h30"",""endTime"":""19h00"",""nthDayOfMonth"":null}]",https://cagette.b-cdn.net/img/803b2f6659ebaa6e1e122de62d421cc8.png,La Ferme des Champs de Bonzac,Route De Saint-Denis De Pile,33910,Bonzac,-0.215427,45.000492
10103,Ferme de Royet - Paysans du Vignoble,2020-08-25 23:09:22,"[{""day"":6,""startTime"":""11h30"",""endTime"":""13h00"",""frequency"":""weekly""}]",https://cagette.b-cdn.net/img/5754699935ee388030f44224233661f2.png,Ferme de Royet,6 Le Royet,44330,La Chapelle-Heulin,-1.340429,47.176009
10166,Le Potager des Rainettes VITERBE Vendredi,2020-09-04 22:42:09,"[{""day"":5,""startTime"":""17h00"",""endTime"":""19h00"",""frequency"":""weekly""}]",https://cagette.b-cdn.net/img/1f3911834d9199256bcd8713db8c57ff.png,Le Potager des Rainettes,2668 Chemin de la Plaine,81220,Viterbe,1.899428,43.688242
10180,Les abeilles de Vienne Condrieu Agglomération,2020-09-08 11:16:20,[],https://cagette.b-cdn.net/img/6f53bc90170fe4ce3a445b85d1370b03.png,Vienne Condrieu Agglomération,"38, Avenue Général Leclerc",38200,Vienne,4.864143,45.511867
10232,Noir d'Abeille livre l'Agence de l'Eau RMC,2020-09-15 10:32:27,[],https://cagette.b-cdn.net/img/les-abeilles-de-l-agence-de-l-eau_80f81228f1c20a8628613b3f089ae369.webp,Agence de l'Eau Rhône Méditerrannée Corse LYON,"2, Allée de Lodz",69007,LYON,4.821842,45.728844
10233,KEOLIS produits de la ruche,2020-09-15 11:05:44,[],https://cagette.b-cdn.net/img/0f45e2e91abbd0b23e32523945c36057.png,KEOLIS,41 r Poudrette,69120,VAULX EN VELIN,4.919995,45.762438
10234,Creche SAINT BERNARD produits de la ruche,2020-09-15 11:18:08,[],https://cagette.b-cdn.net/img/8933e6b2a9021826eb5d6a7e6e7e1e46.png,Creche SAINT BERNARD,"171, boulevard Croix ROUSSE",69004,LYON,4.834749,45.775033
10237,FRAMATOME Produits de la ruche,2020-09-15 16:01:47,[],https://cagette.b-cdn.net/img/7740670d6994307e1555c8d0b8437e35.png,FRAMATOME Comité d entreprise,Techsud,69007,Lyon,4.84,45.75
10337,Les paniers sauvages  AB - vente à  la ferme,2020-09-28 15:03:28,"[{""day"":5,""startTime"":""17h00"",""endTime"":""19h00"",""frequency"":""weekly"",""nthDayOfMonth"":null}]",https://cagette.b-cdn.net/img/e247452019b0801a23ef8daad9ee3b5c.png,Ferme Les paniers sauvages,Les Paniers Sauvages,24290,Thonac,1.1086986,45.0288683
10339,La Cagette de Segonzac,2020-09-28 17:09:57,"[{""day"":3,""frequency"":""weekly"",""startTime"":""18h00"",""endTime"":""19h00"",""nthDayOfMonth"":null}]",https://cagette.b-cdn.net/img/1603c838cda640fcf7763ce13fd39ddb.png,La Ferme d'Enea,1 Route de la Fayardie,24600,SEGONZAC,0.44414,45.197213
10447,La Dépaysante - La Ferme des Deux Vallées (Gros-Chastang),2020-10-09 09:16:53,"[{""day"":2,""startTime"":""17h30"",""endTime"":""19h00"",""frequency"":""weekly""}]",https://cagette.b-cdn.net/img/0b721b972eab13a8391bd10fd82b0549.png,Les Deux Vallées,"Chemin de Brigoux , les fourches",19320,Gros chastang,2.0205351,45.2189694
10453,Val en Vignes - Merci Pâton !,2020-10-09 17:30:56,"[{""day"":3,""frequency"":""biweekly"",""startTime"":""16h00"",""endTime"":""17h30"",""nthDayOfMonth"":null}]",https://cagette.b-cdn.net/img/a789af77b1f46f2ad66be7cac9b08a07.png,Ancien café,6 place de la mairie,79290,Cersay,-0.353917,47.045272
10488,Précommande en ligne,2020-10-12 22:32:48,[],https://cagette.b-cdn.net/img/2627c07a1f9328f794366addbadc1656.png,"Le MAZEL, maison la plus haute dans le hameau",D 19,43100,Javaugues,3.5093565763804224,45.30076514156814
10531,Availles tes légumes,2020-10-19 09:47:17,"[{""day"":3,""startTime"":""17h30"",""endTime"":""19h00"",""frequency"":""weekly"",""nthDayOfMonth"":null}]",https://cagette.b-cdn.net/img/availles-tes-l-gumes_a681f5c9db24e994c73e0bb23d46e278.webp,Availles Tes Légumes,2 Rue Désiré Marié,79600,Availles-Thouarsais,-0.142798,46.859222
10649,Bio Direct Ceyrat,2020-10-27 15:09:28,"[{""frequency"":""biweekly"",""day"":4,""startTime"":""18h30"",""endTime"":""19h30"",""nthDayOfMonth"":null}]",https://cagette.b-cdn.net/img/09560df194719d2cb1ec8d85b3a17712.jpg,Camping Le Chanset,Rue Du Camping,63122,Ceyrat,3.062037,45.738492
10705,"DEBOISE - légumes de saison - DRIVE  au "" RELAIS DE THIMORY""",2020-10-31 17:11:07,"[{""day"":5,""startTime"":""16h15"",""endTime"":""18h30"",""frequency"":""weekly""}]",https://cagette.b-cdn.net/img/154cdbc74568355511081dce706d11f3.jpg,AU RELAIS DE THIMORY,4 RUE DE SULLY,45260,THIMORY,2.600445,47.921664
10942,Le marché de l'Association Asphodèle,2020-11-13 12:36:52,"[{""day"":4,""startTime"":""17h30"",""endTime"":""18h30"",""frequency"":""weekly""}]",https://cagette.b-cdn.net/img/d273951c4c94f5593951ccf9e44d9a22.png,LA GOB,3 Rue de la Chaize,79300,BRESSUIRE,-0.498264,46.832859
10947,La Belle Butine - En direct de la ferme,2020-11-13 17:24:18,"[{""day"":2,""frequency"":""weekly"",""startTime"":""17h00"",""endTime"":""18h30"",""nthDayOfMonth"":null}]",https://cagette.b-cdn.net/img/f4aba97623eb693194520bea14fe6c58.png,Directement à  la ferme,128 Route Napoléon,38119,Pierre-Châtel,5.775005617105052,44.96546374801696
11007,St Michel de Lanes.,2020-11-16 17:01:59,"[{""day"":4,""startTime"":""19h00"",""endTime"":""20h59"",""frequency"":""weekly""}]",https://cagette.b-cdn.net/img/f9d51857ad707dbe322b0166cfd54e35.png,la cave,rue de la paix,11410,st michel de lanes,1.75844515,43.32493555
11131,Jardins Fruitiers - Paysans du Vignoble,2020-11-23 18:04:10,"[{""day"":6,""frequency"":""weekly"",""startTime"":""9h30"",""endTime"":""12h00"",""nthDayOfMonth"":null},{""day"":3,""frequency"":""weekly"",""startTime"":""9h30"",""endTime"":""18h30"",""nthDayOfMonth"":null}]",https://cagette.b-cdn.net/img/jardins-fruitiers-paysans-du-vignoble_cbded95e19757f5f186ae36533b7a715.webp,Magasin Jardins Fruitiers,Le Rafflay,44690,Château-Thébaud,-1.458765,47.106972
11145,O'lé ben,2020-11-24 16:35:20,"[{""day"":3,""startTime"":""17h00"",""endTime"":""18h30"",""frequency"":""weekly"",""nthDayOfMonth"":null}]",https://cagette.b-cdn.net/img/a31bbf68982463ad8e500d6f3a61250d.png,"la ferme au lieu dit ""chez james""",chez james,16390,Pillac,0.203038,45.311922
11165,La ferme des Coquelinelles - retrait à  la ferme,2020-11-25 11:38:58,"[{""day"":3,""startTime"":""14h30"",""endTime"":""19h30"",""frequency"":""weekly""}]",https://cagette.b-cdn.net/img/6c175c4159263603de9aeb45132d0b93.png,La ferme des Coquelinelles,Grande Garenne,49420,Ombrée d'Anjou,-1.166747,47.678542
11367,La ferme de l'Aufrère - Paysans du Vignoble,2020-12-05 13:56:20,"[{""day"":5,""startTime"":""17h30"",""endTime"":""19h00"",""frequency"":""weekly"",""nthDayOfMonth"":null}]",https://cagette.b-cdn.net/img/6e0d17e0c5edfa7b292b2b9de3b85bdc.png,La ferme de l'Aufrère,L'aufrère,44330,Vallet,-1.262033,47.195281
11406,Gaec de la perche cerville,2020-12-07 11:33:44,"[{""day"":4,""startTime"":""17h00"",""endTime"":""18h00"",""frequency"":""weekly"",""nthDayOfMonth"":null}]",https://cagette.b-cdn.net/img/eae7011b316942787d196e0e73d70bd9.png,La grange,10 grande rue,54420,CERVILLE,6.312347,48.696235
11447,Pain Parasol↔️Paysans du Vignoble,2020-12-09 06:25:42,"[{""day"":5,""frequency"":""weekly"",""startTime"":""18h00"",""endTime"":""19h00"",""nthDayOfMonth"":null}]",https://cagette.b-cdn.net/img/pain-parasol-paysans-du-vignoble_4bff4b4f05d457115932cc0a58acc3ee.webp,Pain Parasol (boulangerie),3 Porte Palzaise,44190,Clisson,-1.278617,47.089747
11655,Retrait au Marché de Volvic   Ferme des Cormier,2021-01-04 13:50:12,"[{""day"":5,""startTime"":""16h30"",""endTime"":""19h00"",""frequency"":""weekly""}]",https://cagette.b-cdn.net/img/346acd95a2e3216886280aa86635c337.png,gymnase,Route de marsat,63530,volvic,3.047567,45.874872
11660,Retrait à  la Ferme des Cormier,2021-01-04 15:39:31,"[{""day"":6,""frequency"":""weekly"",""startTime"":""09h30"",""endTime"":""12h30"",""nthDayOfMonth"":null},{""day"":5,""frequency"":""weekly"",""startTime"":""10h00"",""endTime"":""18h30"",""nthDayOfMonth"":null}]",https://cagette.b-cdn.net/img/45abeb3b80ebbfbb8814468e1a41bb1c.png,ferme,25 Route De Chanat,63530,Volvic,3.005382,45.83648
11675,On sème à  Deyme,2021-01-05 12:14:24,"[{""day"":2,""startTime"":""18h15"",""endTime"":""19h30"",""frequency"":""weekly"",""nthDayOfMonth"":null}]",https://cagette.b-cdn.net/img/d4ea8a9c178cf79e30468eb736746886.png,Ancienne Mairie,1 Route De Pompertuzat,31450,Deyme,1.525801,43.479367
11689,"PANIER du jeudi , jardin la goutte d'Aude",2021-01-06 14:42:48,"[{""day"":4,""startTime"":""16h00"",""endTime"":""19h00"",""frequency"":""weekly"",""nthDayOfMonth"":null}]",https://cagette.b-cdn.net/img/d4c5b74344458e670cd50f6cbe0a5703.png,"La goutte, livraison ou Verrieres le bourg à  partir de 19h30",525 Rue Du Lac,42600,Saint-Thomas-la-Garde,4.079863,45.562446
11702,AMAP Cébazat,2021-01-07 11:43:04,"[{""day"":3,""frequency"":""adHoc"",""startTime"":""17h30"",""endTime"":""19h00"",""nthDayOfMonth"":null}]",https://cagette.b-cdn.net/img/7340f91e5731c64f643bb1f439f85ef6.png,AMAP,7 impasse du pont,63118,Cébazat,3.099285,45.829598
11778,GA salles sur l'hers,2021-01-13 12:20:20,"[{""day"":2,""startTime"":""19h00"",""endTime"":""20h00"",""frequency"":""weekly"",""nthDayOfMonth"":null}]",https://cagette.b-cdn.net/img/970ea4cb348481417b66d4b3e3169590.png,la cabanne aux merveilles,1 Rue Côte Pavée,11410,Salles sur l'Hers,1.758065,43.325129
11822,Le Potager des Rainettes ZAC Rouch LAVAUR Vendredi,2021-01-15 21:44:30,"[{""day"":5,""startTime"":""17h45"",""endTime"":""18h30"",""frequency"":""weekly"",""nthDayOfMonth"":null}]",https://cagette.b-cdn.net/img/3464ee3031b08c93cac9f02d57d48058.png,ZAC Rouch LAVAUR,avenue de cocagne,81500,Lavaur,1.801896,43.706217
11878,Marché de producteurs - bourg de Locronan,2021-01-20 10:50:43,"[{""frequency"":""weekly"",""day"":5,""startTime"":""16h00"",""endTime"":""19h00"",""nthDayOfMonth"":null}]",https://cagette.b-cdn.net/img/retrait-la-ferme-du-bois-du-nevet_c1c22f815fa7266fd4cfd31fd752cea6.webp, Locronan,3 Place de la Mairie,29180,Locronan,-4.207526435918794,48.09854892546505
11897,Ferme du Ver Tou'Bio - Paysans du Vignoble,2021-01-21 22:26:05,"[{""day"":2,""frequency"":""weekly"",""startTime"":""18h30"",""endTime"":""19h00"",""nthDayOfMonth"":null},{""day"":5,""startTime"":""17h30"",""endTime"":""19h00"",""frequency"":""weekly"",""nthDayOfMonth"":null}]",https://cagette.b-cdn.net/img/5737f6d2cd3a406630310d83ed08d6cb.jpg,Rond-point du Vignoble,Route du Vignoble,44120,Vertou,-1.492916,47.175008
11994,La Dépaysante -Orliac de Bar,2021-02-01 13:21:15,"[{""day"":2,""startTime"":""18h00"",""endTime"":""20h00"",""frequency"":""weekly"",""nthDayOfMonth"":null}]",https://cagette.b-cdn.net/img/53880b460f1f92b867a21133a5f6a2f6.jpg,Neuvialle,522 Route des Monedières,19390,Orliac-de-Bar,1.795557,45.361947
12068,La ferme d'à  côté-retrait  à  la ferme .,2021-02-09 13:12:25,"[{""day"":5,""startTime"":""16h30"",""endTime"":""19h00"",""frequency"":""weekly"",""nthDayOfMonth"":null},{""day"":5,""startTime"":""16h20"",""endTime"":""18h30"",""frequency"":""weekly"",""nthDayOfMonth"":null}]",https://cagette.b-cdn.net/img/330531bfb03e06461529a0dc3002edea.png,à  la ferme,277 routes des Gourbille,19190,LE PESCHER,1.73778,45.06972
12138,A la ferme de la Burelière,2021-02-17 14:40:05,[],https://cagette.b-cdn.net/img/ed058c915e7f8df5f577f7c892f28eac.png,Local de vente du Gaec,La maison neuve de la Burelière,79320,Moncoutant s/ Sèvre,-0.58889,46.72389
12139,"Parthenay, place de la gare",2021-02-17 15:06:05,[],https://cagette.b-cdn.net/img/9e12448964f1bd0509ebaf4e2d19955f.png,Place de la gare,,79200,Parthenay,-0.26,46.64
12167,Amap Macopa Boismé,2021-02-22 10:00:01,[],https://cagette.b-cdn.net/img/6a55a91baff359611d4a8e04348d0912.png,Local de l'Amap Macopa,Route de la Chapelle st Laurent,79300,Boismé,-0.490709,46.699303
12189,Amap Ine Boune Penerie Moncoutant,2021-02-23 21:26:49,"[{""day"":4,""startTime"":""17h30"",""endTime"":""18h30"",""frequency"":""monthly""},{""day"":4,""startTime"":""17h30"",""endTime"":""18h30"",""frequency"":""biweekly"",""nthDayOfMonth"":null}]",https://cagette.b-cdn.net/img/0d9296bd9cd7e821f07d08c55e1814c4.png,Local de l'amap Ine Boune Penerie,Rue des prairies,79320,Moncoutant s/ Sèvre,-0.592477,46.724717
12212,"Vente à  la Miellerie, Brézins",2021-02-27 09:14:02,"[{""day"":6,""startTime"":""9h00"",""endTime"":""12h00"",""frequency"":""weekly""}]",https://cagette.b-cdn.net/img/ebe0510efd7e73179b1d0bef8936abbb.png,"Miellerie l'Affleure de Vie, Retrait à  la Ferme, Brézins",23 Chemin Du Bessey,38590,Brézins,5.307623,45.338862
12232,La Cagette Champêtre,2021-03-01 11:01:11,"[{""day"":2,""startTime"":""17h00"",""endTime"":""18h30"",""frequency"":""weekly""}]",https://cagette.b-cdn.net/img/52639244af094d7769d1913db58aa61e.png,Cour école Notre Dame,,15100,Saint flour,3.09150580803603,45.0344174206872
12250,RUE D'AQUITAINE - volailles fermières bio,2021-03-02 18:49:25,"[{""day"":4,""startTime"":""16h00"",""endTime"":""16h15"",""frequency"":""biweekly""}]",https://cagette.b-cdn.net/img/eb57ae9844354e93188ac13517ea997b.png,rue d'aquitaine,16 rue d'aquitaine,31200,toulouse,1.443736,43.618708
12252,La Bioutik' - Drive du mardi,2021-03-02 20:47:15,"[{""day"":2,""startTime"":""16h00"",""endTime"":""18h00"",""frequency"":""weekly"",""nthDayOfMonth"":null}]",https://cagette.b-cdn.net/img/d1d5ec0501dd553497c2834bf931a11f.png,La Bioutik',7 rue Lucien BRIAND,27Â 670,St Ouen du Tilleul,0.954136,49.290484
12288,Lo pitchoun mercat Tich & Grava,2021-03-07 19:47:10,"[{""day"":5,""startTime"":""18h00"",""endTime"":""21h30"",""frequency"":""weekly"",""nthDayOfMonth"":null}]",https://cagette.b-cdn.net/img/50af9b3020fbca806782cb91edfbefd5.jpg,"Le chai, Domaines Tich & Grava",29 RUE DE LA DEMI LUNE,33490,VERDELAIS,-0.250632,44.589674
12349,AMAP des Coquelicots - Commandes détail - Ferme de Ligogne,2021-03-17 17:13:27,"[{""day"":5,""startTime"":""18h00"",""endTime"":""19h00"",""frequency"":""weekly""}]",https://cagette.b-cdn.net/img/7724fe963c0e7906a693614721b41e2b.jpg,Parking de la médiathèque L'AlphaB Castelmaurou,1 rte Apeyrouse,31180,CASTELMAUROU,1.530237,43.679194
12350,oxalis(tisane)/amap de st jacques,2021-03-17 18:15:48,"[{""day"":3,""startTime"":""18h00"",""endTime"":""19h30"",""frequency"":""monthly""}]",https://cagette.b-cdn.net/img/b2a8893b68d48531ed4341a786469a7e.png,amap de st jacques,maison de quartier de st jacques,63000,clermont ferrand,3.09,45.76
12363,Les Jardins de Boscornut - Vente à  la ferme,2021-03-18 18:38:57,"[{""day"":6,""startTime"":""10h00"",""endTime"":""12h00"",""frequency"":""weekly"",""nthDayOfMonth"":null}]",https://cagette.b-cdn.net/img/9cfb8f77c765f648807d8ddbc652a18f.png,Ferme Les Jardins de Boscornut,20 Boscornut,24210,Sainte-Orse,1.080074,45.234014
12376,Magasins,2021-03-19 14:49:57,[],https://cagette.b-cdn.net/img/5ca0320c03403bc86fa1d06d16b26f0a.jpg,Retrait à  la ferme,"",19370,Chamberet,1.721449,45.582591
12410,Ferme de Grenat,2021-03-22 15:56:19,"[{""day"":5,""startTime"":""17h30"",""endTime"":""18h45"",""frequency"":""weekly"",""nthDayOfMonth"":null}]",https://cagette.b-cdn.net/img/f12e80f77e3daed8a4695cc40edf6150.png,FERME DE GRENAT,En Barres,81700,BLAN,1.996524,43.525108
12427,BIO SITE,2021-03-23 15:32:12,"[{""day"":4,""startTime"":""17h00"",""endTime"":""19h00"",""frequency"":""weekly"",""nthDayOfMonth"":null}]",https://cagette.b-cdn.net/img/e26cd11c0bd5f97dcb0a3d4d75b21f5b.png,BIO SITE,2 place Bellevue,33150,CENON,-0.529444,44.850826
12561,RANGUEIL - volailles fermières bio,2021-04-04 15:07:31,"[{""frequency"":""biweekly"",""day"":4,""startTime"":""13h45"",""endTime"":""14h00"",""nthDayOfMonth"":null}]",https://cagette.b-cdn.net/img/ea8580c71d5a3dc11ce92f4a25a6b7ac.png,parking biocoop,21 Avenue des Écoles Jules Julien,31400,Toulouse,1.4526431867961094,43.5732186640229
12599,Au Puy de légumes - Point de vente à  la ferme,2021-04-08 10:42:13,"[{""day"":5,""startTime"":""16h00"",""endTime"":""19h00"",""frequency"":""biweekly"",""nthDayOfMonth"":null}]",https://cagette.b-cdn.net/img/2eb9d77631662859f77b980a87d3862f.jpg,Point de vente à  la ferme,53 rue du 8 mai 1945,42610,Saint Romain le Puy,4.114939,45.556877
12617,Marché chez Légumes & Co,2021-04-09 11:32:14,"[{""frequency"":""weekly"",""day"":4,""startTime"":""17h00"",""endTime"":""19h30"",""nthDayOfMonth"":null}]",https://cagette.b-cdn.net/img/b774c67f9a1c019e42008ebbbc9519a9.jpg,Légumes & Co,La Gorère,79140,COMBRAND,-0.715,46.871
12625,Ferme l'Arizière @ Bistrot le Rocher de la vierge,2021-04-09 18:07:46,"[{""day"":2,""startTime"":""18h00"",""endTime"":""19h00"",""frequency"":""weekly"",""nthDayOfMonth"":null}]",https://cagette.b-cdn.net/img/b5d57c3f8af3c11aa844f2bb019145c6.jpg,Bistrot Le Rocher de la vierge,4 place de Damloup,31000,Toulouse,1.45308,43.605627
12642,A la ferme Milpas Tillières,2021-04-11 21:55:53,"[{""day"":0,""startTime"":""12h00"",""endTime"":""14h30"",""frequency"":""monthly""}]",https://cagette.b-cdn.net/img/1123ca454975e9b8c6877e46d57cc033.jpg,dans la ferme MilpaS,Le Petit Quarteron,49230,Tillières,-1.16387,47.15666
12704,Le Jardin de la Manne - retrait à  la ferme,2021-04-17 23:58:15,"[{""day"":2,""startTime"":""17h00"",""endTime"":""18h30"",""frequency"":""weekly"",""nthDayOfMonth"":null},{""day"":4,""startTime"":""17h00"",""endTime"":""18h30"",""frequency"":""weekly"",""nthDayOfMonth"":null}]",https://cagette.b-cdn.net/img/5692cda5d34d40fb5810215a827a9cec.jpg,Distribution au Jardin de la Manne,272 Grand Rue,88270,Madecourt,6.120162,48.240417
12836,AMAP'ZULE,2021-05-01 17:31:37,"[{""day"":5,""startTime"":""18h00"",""endTime"":""19h30"",""frequency"":""biweekly"",""nthDayOfMonth"":null}]",https://cagette.b-cdn.net/img/58f8fd194a1a22208abd8832caa81fba.png,C.P.I.E. Champenoux,13Bis Rue Pierre Paul Demoyen,54280,CHAMPENOUX,6.353787,48.743301
12837,BOUCL'AMAP - Maison Bonnet,2021-05-01 17:59:08,"[{""day"":3,""startTime"":""18h00"",""endTime"":""19h00"",""frequency"":""biweekly""}]",https://cagette.b-cdn.net/img/797e78df3370c2ec699be32e27d7fcd3.jpg,Maison Bonnet,40 Rue de Boudonville,54000,NANCY,6.16611,48.698373
12871,La ferme des Hirondelles - retrait à  Nieurlet mardi dès 18h,2021-05-03 21:49:33,"[{""day"":2,""startTime"":""18h00"",""endTime"":""0h00"",""frequency"":""weekly"",""nthDayOfMonth"":null}]",https://cagette.b-cdn.net/img/024a184907e8cba46665252feccd0511.jpg,La Ferme des Hirondelles,"28, chemin des Abbesses",59143,NIEURLET,2.307177,50.787854
12931,Mardi l'Isle,2021-05-11 18:16:45,"[{""frequency"":""weekly"",""day"":2,""startTime"":""17h00"",""endTime"":""19h00"",""nthDayOfMonth"":null}]",https://cagette.b-cdn.net/img/1ec0a0357fa7e168bc53131833a59283.png,Chez Valérie Juge,933 Chemin de la Brouillasse,84800,Isles-sur-la-Sorgue,5.040875,43.931233
13054,Les paniers de LAGORA,2021-05-27 11:12:04,"[{""day"":4,""frequency"":""weekly"",""startTime"":""17h30"",""endTime"":""19h00"",""nthDayOfMonth"":null}]",https://cagette.b-cdn.net/img/les-jardins-de-l-osme-lagora_f08aafe92c93be0c4c9bfde6e40e8a25.webp,Les Paniers de LAGORA,144 route de Vars,1610,Gond-Pontouvre,0.160299,45.670073
13059,Ma cagette à Lolmède - Jardins de l'Osme,2021-05-27 13:27:12,"[{""day"":4,""frequency"":""weekly"",""startTime"":""17h30"",""endTime"":""19h00"",""nthDayOfMonth"":null}]",https://cagette.b-cdn.net/img/7f70e4007b17006dbdaa660b4d286962.png,Biscuiterie Lolmède,3 rue des Arceaux,16000,Angoulême,0.157576,45.649321
13060,LES PANIERS DE L'ARCHE,2021-05-27 13:38:15,"[{""day"":3,""frequency"":""weekly"",""startTime"":""17h30"",""endTime"":""19h00"",""nthDayOfMonth"":null}]",https://cagette.b-cdn.net/img/les-jardins-de-l-osme-les-paniers-de-l-arche_d628cdf3d7890aaddc6c584aaaeaf7dd.webp,Les paniers de l'Arche,7 Rue de l'Anisserie,16100,Châteaubernard,-0.310996,45.682158
13204,Les Jardins de Trionac,2021-06-21 16:05:24,"[{""day"":4,""frequency"":""weekly"",""startTime"":""16h30"",""endTime"":""19h00"",""nthDayOfMonth"":null},{""day"":1,""frequency"":""weekly"",""startTime"":""18h00"",""endTime"":""19h30"",""nthDayOfMonth"":null}]",https://cagette.b-cdn.net/img/22c0acf519a2eab6d76a5d277b02042f.png,Les Jardins de Trionac,Hameau de Trionac,12600,TAUSSAC,2.634654,44.869262
13254,Le Potager du Coin Isle Saint Georges,2021-06-30 21:03:52,"[{""day"":3,""startTime"":""16h00"",""endTime"":""18h00"",""frequency"":""weekly"",""nthDayOfMonth"":null}]",https://cagette.b-cdn.net/img/563e46ca2f716714c927ecb20bf8b464.jpg,A l'exploitation,Route de Saint Médard,33640,Isle Saint Georges,-0.476179434469491,44.7254810750646
13305,La ferme de Punault - Retrait à  la ferme,2021-07-08 16:11:26,"[{""day"":5,""frequency"":""adHoc"",""startTime"":""17h00"",""endTime"":""19h30"",""nthDayOfMonth"":null}]",https://cagette.b-cdn.net/img/b661b33134f2051db0dd8eb93254ace1.jpg,Punault,,79250,Nueil les Aubiers,-0.650528,46.923354
13367,Le Marché Bio du P'tit Jardin,2021-07-26 19:10:38,"[{""day"":5,""startTime"":""17h00"",""endTime"":""18h00"",""frequency"":""weekly"",""nthDayOfMonth"":null},{""day"":5,""startTime"":""16h00"",""endTime"":""18h30"",""frequency"":""weekly"",""nthDayOfMonth"":null}]",https://cagette.b-cdn.net/img/951056950a1cc1c68d0b2227d6545652.png,Le P'tit Jardin,5 rue du Bicentenaire,09000,Saint Paul de Jarrat,1.651651,42.919235
13381,Eau Pressing↔️Paysans du Vignoble ,2021-07-31 06:38:39,"[{""day"":5,""frequency"":""weekly"",""startTime"":""18h00"",""endTime"":""19h00"",""nthDayOfMonth"":null}]",https://cagette.b-cdn.net/img/eau-pressing-paysans-du-vignoble_9d551fb48c66f1bdaf9699090925cf50.webp,Eau Pressing,7 Rue des Forges,44330,Vallet,-1.266612,47.160632
13429,Les Bios du coin - Robécourt (breuvannes),2021-08-13 17:43:19,"[{""day"":3,""frequency"":""weekly"",""startTime"":""11h30"",""endTime"":""12h00"",""nthDayOfMonth"":null}]",https://cagette.b-cdn.net/img/9cab94c48c01b0a4650669c2b3a1a9ad.png,Breuvannes en Bassigny,2 Grande Rue,52240,Breuvannes-en-Bassigny,5.60859,48.09355
13442,A la Source,2021-08-19 14:06:40,"[{""frequency"":""weekly"",""day"":5,""startTime"":""16h00"",""endTime"":""18h00"",""nthDayOfMonth"":null},{""frequency"":""weekly"",""day"":6,""startTime"":""10h00"",""endTime"":""12h00"",""nthDayOfMonth"":null}]",https://cagette.b-cdn.net/img/199cea3cf5eaa85c5f474051d2477bc6.jpg,Magasin de producteurs A la Source,route de Poiseul-la-Ville,21450,Billy-lès-Chanceaux,4.7075922,47.5497629
13473,Paniers de légumes - Le Jardin de Pagnac,2021-08-29 10:12:16,"[{""day"":2,""startTime"":""16h00"",""endTime"":""20h00"",""frequency"":""monthly"",""nthDayOfMonth"":1}]",https://cagette.b-cdn.net/img/550a72d6b8107ef2cd103475132934b9.png,Le Jardin de Pagnac,"5, route de Pagnac",87430,Verneuil-sur-Vienne,1.076895,45.86685
13494,"Drive Fermier de FONTANES ""Maison Olivier Boulangerie""",2021-09-01 22:21:01,"[{""day"":4,""startTime"":""7h00"",""endTime"":""12h00"",""frequency"":""weekly""}]",https://cagette.b-cdn.net/img/c58658a1eb1e22e22a49187490b6b743.jpg,Maison Olivier Boulangerie,210 RUE DES JARDINS,46230,Fontanes,1.49764,44.31337
13635,Lo pimparèl de Juzes,2021-09-25 12:50:25,"[{""day"":2,""startTime"":""14h30"",""endTime"":""21h00"",""frequency"":""weekly""}]",https://cagette.b-cdn.net/img/7169d0437f31a36fd5c08d06659489b4.png,18 rue du chateau à  Juzes,,31540,Juzes,1.887832,43.44897
13705,Le Jardin des Quais,2021-10-04 13:25:09,"[{""day"":4,""startTime"":""18h15"",""endTime"":""19h30"",""frequency"":""weekly"",""nthDayOfMonth"":null}]",https://cagette.b-cdn.net/img/ff20e3c48fd471c1c7b1b8530331034d.jpg,La Halle du Faget,,31460,Le Faget,1.824918,43.567465
13818,Marché de Tocane Saint Apre du Samedi,2021-10-18 15:05:18,"[{""day"":6,""startTime"":""9h00"",""endTime"":""12h00"",""frequency"":""weekly"",""nthDayOfMonth"":null}]",https://cagette.b-cdn.net/img/16448a1a22ad920e68d921b6341c3490.jpg,Place de l'église,,24350,Tocane Saint Apre,0.496464,45.254074
13871,Pain au levain - Mercredi soir à  Dry,2021-10-23 22:48:24,"[{""day"":3,""startTime"":""17h30"",""endTime"":""19h00"",""frequency"":""weekly""}]",https://cagette.b-cdn.net/img/e03dfc26a6e8316317c36e28a3bb9854.jpg,Salle des associations,Route de Meung,45370,Dry,1.714535,47.798202
13944,Vente à  la ferme - Le potager de Loliva,2021-11-02 14:38:50,"[{""day"":4,""startTime"":""17h30"",""endTime"":""19h30"",""frequency"":""weekly"",""nthDayOfMonth"":null}]",https://cagette.b-cdn.net/img/428addb69ad6c6449c57b15cc2040c42.png,A la ferme,chemin des vignes,38220,Montchaboud,5.761427,45.09451
13965,Vendredi - Jardins des Demains - Paysans du Vignoble,2021-11-03 14:36:43,"[{""day"":5,""frequency"":""weekly"",""startTime"":""17h00"",""endTime"":""19h00"",""nthDayOfMonth"":null}]",https://cagette.b-cdn.net/img/2e3a153b5c41d8f18ed1f4f1f7f5001d.png,Jardins des Demains,71 La Rebourgère,44690,Maisdon sur Sevre,-1.37534,47.12543
13990,Drive Fermier de CAZILLAC ,2021-11-05 22:44:54,"[{""day"":3,""startTime"":""18h30"",""endTime"":""19h00"",""frequency"":""weekly""},{""day"":3,""startTime"":""18h15"",""endTime"":""18h45"",""frequency"":""weekly"",""nthDayOfMonth"":null}]",https://cagette.b-cdn.net/img/7c8278f7437804925545276e5babc04a.jpg,Ferme EARL de Cazillac,,82110,Cazes-Mondenard,1.2174077,44.2538808
14070,la Cagette toulousaine du Jardin de Pluie,2021-11-11 14:41:58,"[{""day"":2,""startTime"":""10h00"",""endTime"":""15h00"",""frequency"":""weekly""}]",https://cagette.b-cdn.net/img/5a2d079d248d6cc0630c0f4b104f07d9.png,Labo,,"","",,
14210,Brin de Levain - Le petit Maraicher - BREN,2021-11-23 14:27:09,"[{""day"":5,""startTime"":""8h00"",""endTime"":""19h00"",""frequency"":""weekly""},{""day"":2,""startTime"":""17h00"",""endTime"":""19h00"",""frequency"":""weekly"",""nthDayOfMonth"":null}]",https://cagette.b-cdn.net/img/c218a36b52a1fb0226c2a876b461db97.png,Le petit Maraîcher,44 Route DE CLAVEYSON,26260,BREN,4.938544,45.142404
14278,La p'tte Laur'reine du pain : Dépôt à  Colombey Les Belles,2021-11-29 08:49:50,"[{""day"":4,""startTime"":""16h00"",""endTime"":""19h00"",""frequency"":""weekly""}]",https://cagette.b-cdn.net/img/c69666ecdf0bba1b919093c4c1d8539b.jpg,42 rue Pasteur,,54170,Colombey les Belles,5.91,48.53
14330,Luxeuil - Distribution du mardi soir - Ferme Lopin au levain,2021-12-02 19:50:52,"[{""day"":2,""startTime"":""17h30"",""endTime"":""18h15"",""frequency"":""weekly""}]",https://cagette.b-cdn.net/img/ff32ed9e59d73ca09f71eb83ef85a216.png,Place du 8 mai,Centre Social Georges Taiclet,70300,Luxeuil-les-Bains,6.38045409310688,47.8124265885902
14333,La Ferme du Clapou -vente à  la ferme,2021-12-03 03:25:38,"[{""day"":5,""startTime"":""17h30"",""endTime"":""18h30"",""frequency"":""weekly"",""nthDayOfMonth"":null}]",https://cagette.b-cdn.net/img/1ed48fb28355ab2fcaab72e8dd12c2d6.png,LA FERME DU CLAPOU,9 Chemin De La Chaud,43700,Saint-Germain-Laprade,3.992843,45.040037
14359,"Vente à  la ferme, les serres Dellarossa",2021-12-06 21:39:34,"[{""day"":1,""frequency"":""weekly"",""startTime"":""17h00"",""endTime"":""19h00"",""nthDayOfMonth"":null},{""day"":5,""frequency"":""weekly"",""startTime"":""16h00"",""endTime"":""19h00"",""nthDayOfMonth"":null},{""day"":6,""startTime"":""10h00"",""endTime"":""12h30"",""frequency"":""weekly"",""nthDayOfMonth"":null}]",https://cagette.b-cdn.net/img/63a1ae5c682d2f773b4f476d1afa5458.png,"Vente à  la ferme, Les Serres Dellarossa",29 Chemin De Mayras,32600,Pujaudran,1.193301,43.594149
14407,"Chez Brice GUILLON, Maraîcher Bio à  Marsaz",2021-12-12 21:08:17,"[{""day"":5,""startTime"":""16h00"",""endTime"":""18h00"",""frequency"":""weekly""}]",https://cagette.b-cdn.net/img/7809c44c17aef73ffe37fc4c0495557c.jpg,"Brice Guillon, maraîcher bio",225 Chemin des Sables,26260,Marsaz,4.9418313154026805,45.1198391411302
14521,Brin de Levain - Fournil,2022-01-07 21:22:25,"[{""day"":5,""startTime"":""12h00"",""endTime"":""21h00"",""frequency"":""weekly"",""nthDayOfMonth"":null},{""day"":2,""frequency"":""weekly"",""startTime"":""17h00"",""endTime"":""19h00"",""nthDayOfMonth"":null}]",https://cagette.b-cdn.net/img/b51b8664e7bc035fb288dcdf67eefa31.png,FOURNIL - Brin de Levain,chemin des pierrelles,26260,Bren,4.937111,45.147484
14608,Jauberria- Retrait au marché de St Palais,2022-01-24 14:00:21,"[{""day"":5,""startTime"":""8h00"",""endTime"":""12h00"",""frequency"":""weekly""},{""day"":5,""startTime"":""7h30"",""endTime"":""12h00"",""frequency"":""weekly"",""nthDayOfMonth"":null}]",https://cagette.b-cdn.net/img/8f1b82633d546306172211d5391881a2.jpg,Marché de St Palais,,64120,St Palais,-1.034512,43.327344
14643,La cagette de l'Acacia,2022-02-01 13:41:11,"[{""day"":3,""startTime"":""17h00"",""endTime"":""18h30"",""frequency"":""weekly""}]",https://cagette.b-cdn.net/img/fad95104d16f448e5014c8dc3cdedabb.jpg,ADAR Mazères,23 Rue des Acacias,33210,Mazères,-0.23563,44.520122
14657,La p'tte Laur'reine du pain : Dépôt Vézelise,2022-02-06 08:57:10,"[{""day"":3,""startTime"":""17h00"",""endTime"":""19h00"",""frequency"":""weekly""}]",https://cagette.b-cdn.net/img/7a5060908c18d52182323b798f755ded.jpg,Colin Motoculture,2 rue de l'Abattoir,54330,Vézelise,6.091501,48.488771
14729,Lo pimparèl de Vesubio,2022-02-21 14:04:39,"[{""day"":2,""startTime"":""18h45"",""endTime"":""21h00"",""frequency"":""weekly""}]",https://cagette.b-cdn.net/img/7169d0437f31a36fd5c08d06659489b4.png,93 rue de la colombette 31000 Toulouse,,"","",,
14750,Le Potager Sauvage - livraison au Nid Partagé - Challans,2022-02-24 13:40:52,"[{""day"":2,""startTime"":""17h15"",""endTime"":""19h00"",""frequency"":""weekly""}]",https://cagette.b-cdn.net/img/682c87141d2aab8a5cce523bede814cd.jpg,Le Nid Partagé,3 Rue De La Redoute,85300,Challans,-1.87795,46.84592
14878,La Cagette Lafageoise du Jardin de Pluie,2022-03-16 11:24:49,"[{""day"":4,""frequency"":""weekly"",""startTime"":""18h30"",""endTime"":""19h30"",""nthDayOfMonth"":null}]",https://cagette.b-cdn.net/img/21ef127dfc703f6125bad39857ae5cc9.jpg,la ferme du jardin de pluie,3 Impasse Jean Peyrot,11420,Lafage,1.864834,43.174555
14929,La Pelle Jaune,2022-03-21 14:31:07,"[{""day"":6,""startTime"":""10h00"",""endTime"":""12h00"",""frequency"":""weekly"",""nthDayOfMonth"":null}]",https://cagette.b-cdn.net/img/7bbe949fdc54e823081d9553d0392e53.jpg,La Pelle Jaune,3 rue d'Offendorf,87130,La Croisille sur Briance,1.582,45.62908
14933,Vente au fournil PANISFAIRE,2022-03-21 20:16:00,"[{""frequency"":""weekly"",""day"":3,""startTime"":""17h00"",""endTime"":""19h00"",""nthDayOfMonth"":null},{""frequency"":""weekly"",""day"":5,""startTime"":""17h00"",""endTime"":""19h00"",""nthDayOfMonth"":null},{""frequency"":""weekly"",""day"":6,""startTime"":""10h00"",""endTime"":""12h00"",""nthDayOfMonth"":null},{""frequency"":""weekly"",""day"":4,""startTime"":""17h00"",""endTime"":""19h00"",""nthDayOfMonth"":null}]",https://cagette.b-cdn.net/img/f7d812d04c01c7487a5efa9c1a2cbff1.png,Fournil de Panisfaire,29 avenue du Général de Gaulle,44119,GRANDCHAMP DES FONTAINES,-1.605653,47.363228
14944,Le Jardin à  Emporter,2022-03-22 23:05:31,"[{""frequency"":""weekly"",""day"":2,""startTime"":""16h00"",""endTime"":""19h30"",""nthDayOfMonth"":null},{""frequency"":""weekly"",""day"":5,""startTime"":""16h00"",""endTime"":""18h30"",""nthDayOfMonth"":null}]",https://cagette.b-cdn.net/img/5f91a4abe4008306cca55d135a23a16b.jpg,Vente à  la ferme,6 Passage des Cyclamens,74210,Doussard,6.223524,45.768695
14956,Livraison poulets bio OFB Nantes,2022-03-24 10:24:04,"[{""day"":4,""startTime"":""17h00"",""endTime"":""18h00"",""frequency"":""monthly""}]",https://cagette.b-cdn.net/img/livraison-poulets-bio-ofb-nantes_9d8ea24a5b31093a160232aa5177b7af.webp,Parking Office Français de la biodiversité,8 Bd Albert Einstein,44300,Nantes,-1.557845,47.260659
14959,Brood - Retrait au fournil à  St-Julien,2022-03-24 12:25:38,"[{""day"":4,""startTime"":""16h00"",""endTime"":""18h00"",""frequency"":""weekly""},{""day"":2,""startTime"":""16h00"",""endTime"":""18h00"",""frequency"":""weekly""}]",https://cagette.b-cdn.net/img/d2a635f6cb45b195dafd1c45a2788ba0.jpg,Fournil Brood,17 Route de Saint-Eloy,19210,St julien le vendomois,1.323757,45.458179
14984,point de retrait Estagel,2022-03-25 16:49:39,"[{""day"":3,""startTime"":""17h30"",""endTime"":""18h00"",""frequency"":""everyFourWeeks"",""nthDayOfMonth"":null}]",https://cagette.b-cdn.net/img/56474970832b8187bcaf2c9d2a7123f5.png,Parking devant l'eglise,7 Rue Paul Vaillant Couturier,66310,Estagel,2.698521,42.773284
14994,point de retrait Cabestany Perpignan,2022-03-26 16:16:43,"[{""day"":3,""startTime"":""16h10"",""endTime"":""16h40"",""frequency"":""monthly"",""nthDayOfMonth"":2}]",https://cagette.b-cdn.net/img/12a503e78c37f70ec75977845455fefb.png,centre médical Avicenne,2 Rue Ibn Sinaï dit Avicenne,66330,cabestanhy,2.936325,42.691504
14999,point de retrait avenue d'Espagne Perpignan,2022-03-26 17:20:20,"[{""day"":3,""startTime"":""18h00"",""endTime"":""18h30"",""frequency"":""monthly"",""nthDayOfMonth"":2}]",https://cagette.b-cdn.net/img/a3d26478fc21e1f5748223fba75e5707.png,à  l'entre du Quick,753 Av. d'Espagne,66100,perpignan,2.894597,42.682095
15101,Ferme la Gazi,2022-04-04 15:30:53,"[{""day"":3,""startTime"":""17h00"",""endTime"":""19h00"",""frequency"":""weekly"",""nthDayOfMonth"":null},{""day"":5,""startTime"":""17h00"",""endTime"":""19h00"",""frequency"":""weekly"",""nthDayOfMonth"":null}]",https://cagette.b-cdn.net/img/be101c4b5714e9a2518de504c74f1850.png,La Gazi,la gazillardière,44521,Couffé,-1.301877,47.396244
15103,Au Jardin de Berthem - Vente sur commande à  la FERME - Louches,2022-04-04 16:22:14,"[{""day"":5,""startTime"":""17h30"",""endTime"":""19h00"",""frequency"":""weekly""}]",https://cagette.b-cdn.net/img/2e9771fbdb93981cdca1e305c463569c.jpg,Vente à  la Ferme - AU JARDIN DE BERTHEM,42 chemin vert,62610,LOUCHES,2.031807,50.832415
15158,"fromagerie La Rigotte, Besançon,  samedi 9h30 - 12h30 / 15h-19h",2022-04-08 18:25:02,"[{""day"":6,""startTime"":""9h30"",""endTime"":""19h00"",""frequency"":""weekly""}]",https://cagette.b-cdn.net/img/b6cda1985b7d6da9463d82ddd40e192b.png,fromagerie la Rigotte,18 rue de belfort,25000,Besancon,6.02712,47.247022
15163,Le Jardin des Ormeaux,2022-04-09 11:17:18,"[{""day"":4,""startTime"":""11h00"",""endTime"":""12h00"",""frequency"":""weekly""}]",https://cagette.b-cdn.net/img/e8c022cec6a4e254d164b1c8fee953c7.jpg,Le Jardin des Ormeaux,3 LD Les Ormeaux,79150,Argentonnay,-0.363769,46.955342
15173,FERME THELOTTES DIRECT,2022-04-10 23:13:14,"[{""day"":6,""startTime"":""9h00"",""endTime"":""19h00"",""frequency"":""biweekly"",""nthDayOfMonth"":null},{""day"":6,""startTime"":""9h00"",""endTime"":""19h00"",""frequency"":""weekly"",""nthDayOfMonth"":null}]",https://cagette.b-cdn.net/img/4e7c06faced11f53fa2e02f642c530df.jpg,Les Berthelottes,,16390,Montignac le Coq,0.250807,45.31302
15183,Marché de Courcay,2022-04-11 19:09:10,"[{""day"":4,""startTime"":""16h00"",""endTime"":""19h00"",""frequency"":""weekly""}]",https://cagette.b-cdn.net/img/5091c9f3675ef6b939825879394d684c.jpg,Marché de Courcay,Place de l'église,37310,Courcay,0.876305,47.250117
15184,SAINT-CLAR-volailles fermières bio,2022-04-11 21:01:06,"[{""day"":5,""startTime"":""12h00"",""endTime"":""13h00"",""frequency"":""biweekly""},{""day"":5,""startTime"":""10h00"",""endTime"":""10h30"",""frequency"":""everyFourWeeks"",""nthDayOfMonth"":null}]",https://cagette.b-cdn.net/img/c5c8a62a67b1c947977cec3c3d69b544.jpg,Place de l'à‰glise Saint-Simon,Place De L'église,32380,Saint-Clar,0.769994,43.891549
15185,LECTOURE - volailles fermières bio,2022-04-11 21:16:41,"[{""day"":5,""startTime"":""11h00"",""endTime"":""11h30"",""frequency"":""everyFourWeeks"",""nthDayOfMonth"":null}]",https://cagette.b-cdn.net/img/5f6d1e37cc22936bc697e37e03b73515.jpg,Place du marché,3 Chemin Claude Ydron,32700,Lectoure,0.62422568556849,43.93128348702322
15229,Amap Mortagne.L'Envol du pissenlit,2022-04-18 22:18:17,"[{""day"":1,""frequency"":""monthly"",""startTime"":""18h00"",""endTime"":""19h00"",""nthDayOfMonth"":4}]",https://cagette.b-cdn.net/img/0a820b2657c8b4ee8d12b34b0f3d0e81.png,Foyer rural Gerbéviller,place de la mairie,54222,Gerbéviller,6.5101314,48.4950594
15249,"Boulangerie le Fournil d'Anroz, Baume les Dames, samedi",2022-04-21 16:40:44,"[{""day"":6,""startTime"":""6h30"",""endTime"":""19h00"",""frequency"":""weekly"",""nthDayOfMonth"":null}]",https://cagette.b-cdn.net/img/2d15f06f52199b0250ab944ec3cee6fc.png,boulangerie Le Fournil d'Anroz,13 faubourg d'Anroz,25110,Baume les Dames,6.366724,47.35068
15251,"Boucherie des Beaux Prés, Roche lez Beaupré, samedi",2022-04-21 17:54:39,"[{""day"":6,""startTime"":""9h00"",""endTime"":""19h00"",""frequency"":""weekly""}]",https://cagette.b-cdn.net/img/b940bca43e2b2bdea7e0ee19dbca7dc9.png,Boucherie des Beaux Prés,13 rue de Faltans,25220,Roche lez Beaupré,6.099854,47.272459
15263,La p'tte Laur'reine du pain :  Viterne,2022-04-24 10:49:19,"[{""day"":3,""startTime"":""12h00"",""endTime"":""13h00"",""frequency"":""weekly"",""nthDayOfMonth"":null}]",https://cagette.b-cdn.net/img/7a5060908c18d52182323b798f755ded.jpg,Livraison à  domicile,,"","",,
15273,Fréménil paiement CB,2022-04-25 11:03:13,"[{""day"":5,""startTime"":""16h00"",""endTime"":""20h00"",""frequency"":""weekly"",""nthDayOfMonth"":null}]",https://cagette.b-cdn.net/img/d4c38031f4e84014a5b9ede222c6942d.jpg,Domicile,13 rue de la prairie,54450,Fréménil,6.713089,48.566223
15274,LE MOULIN DE L'ABBAYE,2022-04-25 11:18:22,"[{""day"":3,""frequency"":""weekly"",""startTime"":""17h30"",""endTime"":""19h00"",""nthDayOfMonth"":null}]",https://cagette.b-cdn.net/img/ab446b13c8ef3726488658b036afc9f8.png,LE MOULIN DE L'ABBAYE,135 route de Bordeaux,16400,La Couronne,0.087536,45.607488
15282,Les Jardins de l'Osme,2022-04-25 15:12:23,"[{""day"":4,""frequency"":""weekly"",""startTime"":""13h30"",""endTime"":""19h00"",""nthDayOfMonth"":null},{""day"":4,""startTime"":""13h00"",""endTime"":""19h00"",""frequency"":""weekly"",""nthDayOfMonth"":null}]",https://cagette.b-cdn.net/img/les-jardins-de-l-osme_163badae7d8e69450546fb49a10956ef.webp,Les Jardins de l'Osme,"",16240,Paizay-Naudouin-Embourie,0.079558,46.012039
15284,Les Jardins de l'Osme - VARS La Prade,2022-04-25 15:26:43,"[{""day"":4,""frequency"":""weekly"",""startTime"":""16h45"",""endTime"":""19h00"",""nthDayOfMonth"":null}]",https://cagette.b-cdn.net/img/7f70e4007b17006dbdaa660b4d286962.png,Les Jardins de l'Osme - VARS La Prade,29 rue Principale,16330,VARS,0.156024,45.753022
15290,La ferme des petites bottes et ses amis - retrait à  la ferme,2022-04-25 22:17:33,"[{""frequency"":""weekly"",""day"":2,""startTime"":""17h00"",""endTime"":""17h30"",""nthDayOfMonth"":null}]",https://cagette.b-cdn.net/img/6275c1bd6ea332bbb37b96dc5c7015ca.jpg,Vente à  la ferme,87 Chemin Du Conchou,19230,Beyssenac,1.324885,45.410771
15304,AMAP Lay Paniers de l'Amezule,2022-04-26 22:09:48,"[{""day"":3,""startTime"":""18h00"",""endTime"":""19h00"",""frequency"":""biweekly""}]",https://cagette.b-cdn.net/img/8cbada369b1e823f4b49aaeb1c1c515f.png,Boulodrome,5 Rue Jules Ferry,54690,Lay Saint Christophe,6.198781,48.747509
15322,Marché Athée-sur-cher,2022-04-29 11:22:43,"[{""day"":4,""startTime"":""16h00"",""endTime"":""19h00"",""frequency"":""weekly""}]",https://cagette.b-cdn.net/img/6ee92e1c0f24a3e8c28e8537cb48f5ef.jpg,Place du marché,7 chemin des dames,37270,Athée-sur-cher,0.915708,47.32217
15327,Panier Collectif Lourdais,2022-04-29 21:14:56,"[{""day"":3,""startTime"":""17h30"",""endTime"":""18h30"",""frequency"":""weekly"",""nthDayOfMonth"":null}]",https://cagette.b-cdn.net/img/50fb58a0ebe9fd2f4a163e1a1ac3e813.png,Passage couvert des Halles de Lourdes,,65100,Lourdes,-0.046498,43.09409
15338,Les légumes des Jardins de l'Herm (à  retirer sur place),2022-05-02 00:16:54,"[{""day"":3,""startTime"":""17h00"",""endTime"":""20h00"",""frequency"":""weekly""},{""day"":6,""startTime"":""16h00"",""endTime"":""17h00"",""frequency"":""weekly""}]",https://cagette.b-cdn.net/img/833ce744f2d5e96d8ea73f0ff17a5c65.jpg,Les Jardins de l'Herm,L'Herm,43200,Le Pertuis,4.038226,45.102006
15493,Aux Jardins de Perrine,2022-05-23 14:36:29,"[{""day"":6,""startTime"":""10h00"",""endTime"":""12h00"",""frequency"":""weekly"",""nthDayOfMonth"":null},{""day"":2,""startTime"":""16h00"",""endTime"":""19h00"",""frequency"":""weekly"",""nthDayOfMonth"":null}]",https://cagette.b-cdn.net/img/ba9902a8ea347b5501209581166a5ba7.jpg,Aux jardins de Perrine,3 Le Trou De Sormonne,08380,Neuville-lez-Beaulieu,4.357708,49.896401
15546,A La ferme du Cordier - Paniers de légumes bio du Cordier,2022-06-01 22:59:51,"[{""day"":3,""startTime"":""16h00"",""endTime"":""20h00"",""frequency"":""weekly""}]",https://cagette.b-cdn.net/img/a-la-ferme-du-cordier-paniers-de-l-gumes-bio-du-cordier_eee805739c5e5db0b3c537c7b01c32a5.webp,La ferme du Cordier,Le cordier,56390,Brandivy,-2.907972,47.770165
15572,Distribution à  la ferme de la Fabrik' à  Légumes,2022-06-06 19:10:23,"[{""day"":6,""startTime"":""10h00"",""endTime"":""12h30"",""frequency"":""weekly""}]",https://cagette.b-cdn.net/img/1112154a3e42ca657e2ceacb70b0bff1.jpg,La Fabrik' à  Légumes,Le Jardin d'Affaires Sud,85170,Dompierre-sur-Yon,-1.42042,46.73807
15659,La Ferme de Tourenne - Saint Medard d Excideuil,2022-06-24 16:17:37,"[{""day"":5,""frequency"":""weekly"",""startTime"":""16h30"",""endTime"":""18h30"",""nthDayOfMonth"":null},{""day"":1,""startTime"":""16h30"",""endTime"":""18h30"",""frequency"":""weekly"",""nthDayOfMonth"":null}]",https://cagette.b-cdn.net/img/e6bb30e6c354df7946aaa80c9adb99c2.jpg,Ferme de Tourenne,2804 Route Des Vergers,24160,Saint-Médard-d'Excideuil,1.11209,45.364082
15671,Distribution Fougeré 91 rue de la Forêt,2022-06-26 22:13:31,"[{""day"":5,""startTime"":""20h30"",""endTime"":""21h00"",""frequency"":""weekly"",""nthDayOfMonth"":null}]",https://cagette.b-cdn.net/img/45ffda3c75968f41ef12d564eb57cd2a.jpg,"Chez Jean-Louis et Marif, 91 rue de la forêt Fougeré",91 rue de la forêt,85480,Fougeré,-1.233897,46.657945
15675,Les Bios du Coin - Rémois,2022-06-27 14:51:43,"[{""day"":6,""startTime"":""10h30"",""endTime"":""11h30"",""frequency"":""weekly""}]",https://cagette.b-cdn.net/img/35738182b86772411a29de6b66894ae5.jpg,Les Jardins de Rémois,9 à  Rémois,88170,Longchamp sous Châtenois,5.847304,48.287628
15702,Groupement Cuq Toulza,2022-07-01 20:45:09,"[{""day"":5,""startTime"":""19h00"",""endTime"":""19h30"",""frequency"":""weekly"",""nthDayOfMonth"":null}]",https://cagette.b-cdn.net/img/8051ec91ba3f628bac5c28f8cbcbe743.png,Parking école pubique,,81470,CUQ TOULZA,1.89183,43.5581
15787,CAGETTE DE LAKANAL,2022-08-01 23:51:50,"[{""day"":2,""frequency"":""weekly"",""startTime"":""17h00"",""endTime"":""18h30"",""nthDayOfMonth"":null},{""day"":2,""frequency"":""biweekly"",""startTime"":""17h00"",""endTime"":""18h30"",""nthDayOfMonth"":null}]",https://cagette.b-cdn.net/img/2d380fd9fca7334e56162324bbc8c811.jpg,Cagette Lakanal,Avenue Lakanal,24600,Ribérac,0.341832,45.25524
15809,L'ENVOL DU PISSENLIT. Karelle Arnould,2022-08-10 10:02:56,"[{""day"":3,""startTime"":""17h00"",""endTime"":""19h00"",""frequency"":""weekly""}]",https://cagette.b-cdn.net/img/f9e211802a7bbf061c090f52789a1790.png,L'ENVOL DU PISSENLIT,3 rue de l'église,54118,MOYEN,6.569429,48.483401
15864,CHOUCAS DES TOURS - Commande de Farines,2022-08-31 16:06:20,"[{""day"":4,""frequency"":""monthly"",""startTime"":""16h00"",""endTime"":""20h00"",""nthDayOfMonth"":1}]",https://cagette.b-cdn.net/img/330a348bda0ab469da7e9a4e5a4d9fda.png,LE CHOUCAS DES TOURS,23 rue du général Barbot,62144,Mont Saint Eloi,2.692013,50.349803
15875,Marché du jeudi à  Gerzat,2022-09-02 15:28:40,"[{""day"":4,""startTime"":""8h30"",""endTime"":""12h00"",""frequency"":""weekly""}]",https://cagette.b-cdn.net/img/e2aedabb6f621ab9d5274d577d774a3e.png,Marché de Gerzat,Place pomerol,63360,Gerzat,3.143518,45.82504
15876,Vente à  La Ferme des Raux,2022-09-02 15:39:52,"[{""day"":5,""frequency"":""everyFourWeeks"",""startTime"":""16h00"",""endTime"":""19h00"",""nthDayOfMonth"":null},{""day"":6,""frequency"":""everyFourWeeks"",""startTime"":""10h00"",""endTime"":""12h00"",""nthDayOfMonth"":null}]",https://cagette.b-cdn.net/img/9c3939aefbda0262edb5d73455f670bf.png,La Ferme des Raux,Les Raux,63360,Gerzat,3.175706,45.834083
15934,La Ferme Saint-André,2022-09-12 19:10:06,"[{""frequency"":""weekly"",""day"":3,""startTime"":""12h00"",""endTime"":""19h00"",""nthDayOfMonth"":null},{""frequency"":""weekly"",""day"":5,""startTime"":""10h30"",""endTime"":""15h00"",""nthDayOfMonth"":null}]",https://cagette.b-cdn.net/img/b9b7dfb7367011abe0cc9be1d7e8accd.png,Magasin de la Ferme Saint-André,43 route d'Aspach,68700,CERNAY,7.15823,47.78957
15967,LIVRAISON THELOTTES ANGOULEME,2022-09-16 17:48:39,"[{""day"":5,""startTime"":""14h00"",""endTime"":""17h00"",""frequency"":""weekly""},{""day"":5,""startTime"":""14h00"",""endTime"":""17h00"",""frequency"":""biweekly"",""nthDayOfMonth"":null}]",https://cagette.b-cdn.net/img/7564444a7b445d3edee2221034778f21.jpg,Chez Veerle,3 rue à‰milien Jarreton,16000,Angoulême,0.148769,45.648543
15970,les Félés de l'art,2022-09-17 16:48:47,"[{""day"":5,""startTime"":""18h00"",""endTime"":""20h00"",""frequency"":""weekly""}]",https://cagette.b-cdn.net/img/34403f5d274ffbe4700c4a6ab73d5e69.png,La Récré,1 rue Grand'rue,19510,MASSERET,1.5192097,45.5416082
15975,Tommes & Compagnie - Paysans du Vignoble,2022-09-19 11:55:50,"[{""day"":5,""startTime"":""17h30"",""endTime"":""19h00"",""frequency"":""weekly""}]",https://cagette.b-cdn.net/img/280f983e347b81254981e198d26be322.jpg,Magasin Tommes & compagnie,sainte catherine,44430,LA REMAUDIERE,-1.265495,47.228488
16005,Marché de Bressuire - GAEC La Ferme au l'Ouin,2022-09-23 12:18:25,"[{""day"":6,""startTime"":""8h00"",""endTime"":""13h00"",""frequency"":""biweekly""}]",https://cagette.b-cdn.net/img/db8e79f587ca79fcb5a256e30b698fb2.jpg,Marché de Bressuire,Place Dupin,79300,BRESSUIRE,-0.4933115,46.8416104
16048,Le noir du picou,2022-09-29 07:17:44,"[{""day"":6,""startTime"":""9h00"",""endTime"":""12h00"",""frequency"":""weekly""},{""day"":5,""startTime"":""9h00"",""endTime"":""12h00"",""frequency"":""weekly"",""nthDayOfMonth"":null},{""day"":6,""startTime"":""9h00"",""endTime"":""12h00"",""frequency"":""weekly"",""nthDayOfMonth"":null},{""day"":6,""startTime"":""9h00"",""endTime"":""12h00"",""frequency"":""weekly"",""nthDayOfMonth"":null}]",https://cagette.b-cdn.net/img/329ad0c78db121d0c24569b5c0d415cd.png,le noir du picou,le picou,09500,vivies,1.766704,43.062934
16082,Le magasin de la fromagerie le Petit Trèfle,2022-10-06 16:02:07,"[{""day"":5,""startTime"":""14h00"",""endTime"":""19h00"",""frequency"":""weekly""}]",https://cagette.b-cdn.net/img/69fc02a53ee412687caa5f5ff7d296b2.jpg,La Ferme de Blanchecoudre,,79300,BREUIL-CHAUSSEE,-0.5518,46.8398
16111,Retrait à  Nohanent - Ferme des Cormier,2022-10-12 10:25:04,"[{""day"":4,""frequency"":""adHoc"",""startTime"":""17h00"",""endTime"":""19h00"",""nthDayOfMonth"":null}]",https://cagette.b-cdn.net/img/5752fb02ecc1f6a7a85619d3f85bbb03.jpg,Retrait Nohanent - Ferme des Cormier,3 rue du chyre,63830,Nohanent,3.058441,45.811377
16117,L'Atelier du Vie'llage - CLAVEYSON,2022-10-13 12:33:30,"[{""day"":3,""startTime"":""9h00"",""endTime"":""19h30"",""frequency"":""weekly""},{""day"":5,""startTime"":""9h00"",""endTime"":""19h30"",""frequency"":""weekly"",""nthDayOfMonth"":null}]",https://cagette.b-cdn.net/img/f89f1a95543102b0a4e518c64d7d3111.jpg,COMPTOIR de CAMPAGNE - Claveyson,,26240,CLAVEYSON,4.9300988,45.1797184
16139,Lo pimparèl de La Salvetat,2022-10-16 15:05:35,"[{""day"":2,""startTime"":""18h00"",""endTime"":""20h00"",""frequency"":""weekly""}]",https://cagette.b-cdn.net/img/7169d0437f31a36fd5c08d06659489b4.png,"",4 Chemin Du Cézérou,31880,La Salvetat-Saint-Gilles,1.260829,43.577161
16149,Les Évidences ,2022-10-18 09:37:06,"[{""day"":5,""frequency"":""weekly"",""startTime"":""12h00"",""endTime"":""15h00"",""nthDayOfMonth"":null}]",https://cagette.b-cdn.net/img/foll-pi-boucherie-traiteur-mallard_a038db68991fbc14a3ec1b431621f75e.webp,Tiers-lieu Les Évidences ,93 Rue Léo Lagrange,59830,Bachy,3.262534249844549,50.54618037880516
16163,"Paniers bio ""La Grande Pépinière""",2022-10-19 20:20:26,"[{""day"":2,""startTime"":""17h00"",""endTime"":""18h30"",""frequency"":""weekly"",""nthDayOfMonth"":null}]",https://cagette.b-cdn.net/img/7f0e7d7cee220dc637fda156283757f8.jpg,La Grande Pépinière,7 Rte de Plogonnec,29000,Quimper,-4.095995,48.017537
16186,Marché bio de producteurs locaux de VOLVIC,2022-10-24 10:15:29,"[{""day"":5,""startTime"":""16h30"",""endTime"":""19h00"",""frequency"":""weekly""}]",https://cagette.b-cdn.net/img/7870afc10db714eab93b83bd8fdd0ba1.jpg,Marché bio de producteurs locaux de VOLVIC,29 Route De Marsat,63530,Volvic,3.044605,45.875372
16205,GAEC de la Ferme du Guel / Paysans Meuniers Boulangers,2022-10-27 18:52:43,"[{""day"":1,""startTime"":""16h30"",""endTime"":""18h30"",""frequency"":""weekly""},{""day"":1,""startTime"":""16h30"",""endTime"":""18h30"",""frequency"":""weekly"",""nthDayOfMonth"":null}]",https://cagette.b-cdn.net/img/ea37bf4d95838f275575f2731b3cf6d2.png,La Ferme du Guel,"Lieu Dit ""Le Guel""",82110,Sainte Juliette,1.177865,44.308678
16232,Livraison de légumes à  domicile,2022-11-03 19:02:38,"[{""day"":3,""startTime"":""16h30"",""endTime"":""20h30"",""frequency"":""weekly"",""nthDayOfMonth"":null}]",https://cagette.b-cdn.net/img/2990591964fc733dc26992d8c415bba6.jpg,Chez chaque clients,Le Treuil,85320,Rosnay,-1.286283,46.530057
16245,LA FERME DU TRAVALON - vente à  la ferme,2022-11-06 20:37:59,"[{""frequency"":""weekly"",""day"":2,""startTime"":""17h00"",""endTime"":""20h00"",""nthDayOfMonth"":null},{""frequency"":""weekly"",""day"":5,""startTime"":""17h00"",""endTime"":""20h00"",""nthDayOfMonth"":null}]",https://cagette.b-cdn.net/img/la-ferme-du-travalon-vente-la-ferme_d54d0943419637cdb49120be3774e933.webp,La ferme du Travalon,Impasse Des Travallons,42130,Saint-Étienne-le-Molard,4.07055,45.727929
16292,La ferme des petites bottes et ses amis- retrait Arnac-Pompadour,2022-11-14 16:04:50,"[{""frequency"":""weekly"",""day"":2,""startTime"":""18h00"",""endTime"":""18h30"",""nthDayOfMonth"":null}]",https://cagette.b-cdn.net/img/2f7984515bad539234efe838d68ecd99.jpg,"Allée de la Forêt, Arnac-Pompadour",Allée De La Forêt,19230,Arnac-Pompadour,1.373165,45.393824
16301,Vente à  la ferme Des Rives Maraîchères,2022-11-15 11:16:03,"[{""day"":3,""frequency"":""weekly"",""startTime"":""17h00"",""endTime"":""19h00"",""nthDayOfMonth"":null},{""day"":5,""frequency"":""weekly"",""startTime"":""17h00"",""endTime"":""19h00"",""nthDayOfMonth"":null}]",https://cagette.b-cdn.net/img/5ee6f49663bf8c4f95b884e7ebb32411.png,Des Rives Maraîchères,4bis rue du Général Leclerc,54118,MOYEN,6.562996,48.483252
16310,Les paniers du Florida,2022-11-16 07:19:37,"[{""day"":2,""frequency"":""weekly"",""startTime"":""17h30"",""endTime"":""18h30"",""nthDayOfMonth"":null}]",https://cagette.b-cdn.net/img/96ad01190e1247706fa91bc2693f7724.png,Le Florida - Agen,95 Bd du Président Carnot,47000,AGEN,0.620373,44.202776
16342,Miellerie Les 3 Vallées au Baratin - Paysans Du Vignoble,2022-11-22 00:03:08,"[{""day"":5,""startTime"":""18h00"",""endTime"":""19h00"",""frequency"":""weekly"",""nthDayOfMonth"":null}]",https://cagette.b-cdn.net/img/d24d9a97ee0a5c2e82608e545d0f529d.png,Le Baratin - Miellerie Les 3 Vallées  ,8 Rue De La Roche,49230,Sèvremoine,-1.187314,47.100014
16480,Fournil de Royet,2022-12-14 20:21:02,"[{""day"":5,""frequency"":""weekly"",""startTime"":""16h00"",""endTime"":""19h00"",""nthDayOfMonth"":null}]",https://cagette.b-cdn.net/img/35a85d92f3911b8208f47d3463b4d17c.jpg,6 Royet,"","",La Chapelle-Heulin,-1.340692,47.176374
16484,Les Jardins de l'Aigue Vive,2022-12-15 17:14:48,"[{""day"":5,""startTime"":""17h00"",""endTime"":""18h30"",""frequency"":""weekly"",""nthDayOfMonth"":null}]",https://cagette.b-cdn.net/img/10a308fe8ae9b1fd5d59d5de93830935.png,"Lieu dit nogues, chemin débat 65100 Ségus",20 Chemin du Lonca,65100,Ségus,-0.07123915116181934,43.07786630060019
16497,AMAP'île verte,2022-12-20 09:33:23,"[{""day"":2,""startTime"":""18h15"",""endTime"":""19h00"",""frequency"":""weekly"",""nthDayOfMonth"":null}]",https://cagette.b-cdn.net/img/be6f39cf561fe3b21b5c3cf1692cf593.jpg,Préau de la place d'Armes,,70000,Echenoz-La-Méline,6.154469,47.61974
16512,Les légumes de la Genette à MONTAIGU,2022-12-27 12:03:23,"[{""day"":2,""startTime"":""17h00"",""endTime"":""19h00"",""frequency"":""weekly"",""nthDayOfMonth"":null}]",https://cagette.b-cdn.net/img/c2dc774444dc5fefb898c8fe6be19bf2.jpg,Place de l'hôtel de ville à  Montaigu,place de l'hôtel de ville,85600,Montaigu,-1.313561,46.974968
16531,Au Petit Bonheur Paysan vente à  la ferme,2023-01-02 16:47:01,"[{""frequency"":""weekly"",""day"":4,""startTime"":""17h30"",""endTime"":""18h30"",""nthDayOfMonth"":null},{""day"":5,""startTime"":""17h30"",""endTime"":""18h30"",""frequency"":""weekly"",""nthDayOfMonth"":null}]",https://cagette.b-cdn.net/img/au-petit-bonheur-paysan-drive-la-ferme_72edfb6e9920247712ea3b50215bc03c.webp,les combettes,,12160,Moyrazes,2.433498,44.276754
16542,Du Champ à  la Cagette,2023-01-04 16:11:49,"[{""frequency"":""weekly"",""day"":5,""startTime"":""18h00"",""endTime"":""19h15"",""nthDayOfMonth"":null}]",https://cagette.b-cdn.net/img/4b0274ad9a15f0275a29c8c7ed46cbca.jpg,Local cagette,5 Place du Lavoir,81310,Parisot,1.83126,43.79869
16561,"Paniers bio ""Moulin Vert""",2023-01-10 14:58:28,"[{""frequency"":""weekly"",""day"":2,""startTime"":""16h30"",""endTime"":""18h15"",""nthDayOfMonth"":null}]",https://cagette.b-cdn.net/img/adc7f9b1f3d04a6f70761323f7b951fe.jpg,Maison de Quartier du Moulin Vert,47 chemin de Prateyer,29000,Quimper,-4.116655,48.006811
16565,Vente à  Opme,2023-01-11 19:34:17,"[{""day"":5,""frequency"":""everyFourWeeks"",""startTime"":""17h00"",""endTime"":""19h00"",""nthDayOfMonth"":null}]",https://cagette.b-cdn.net/img/cafcc838689e57dd0576001216a79bbb.png,Fournil de Opme,,63540,Opme,3.099328,45.727047
16567,Le court-circuit de votre terroir,2023-01-12 10:24:31,"[{""day"":5,""frequency"":""weekly"",""startTime"":""17h00"",""endTime"":""18h30"",""nthDayOfMonth"":null}]",https://cagette.b-cdn.net/img/dc12cfbc44560cbf524a955e91f451cd.png,CSC Saint Varentais,22 rue du Bournais,79330,Saint Varent,-0.235738,46.889215
16579,LEGUMES DE MARSAZ A LA MJC,2023-01-14 17:42:30,"[{""day"":3,""frequency"":""weekly"",""startTime"":""18h00"",""endTime"":""19h00"",""nthDayOfMonth"":null}]",https://cagette.b-cdn.net/img/c9827435bce8132393a4bf50f995fd76.jpg,MJC de Saint donat,1242 Avenue Du Général De Gaulle,26260,Saint-Donat-sur-l'Herbasse,4.986002,45.120112
16633,Herborescence - St Lumine de Clisson - Paysans du Vignoble,2023-01-25 20:36:27,"[{""day"":5,""startTime"":""17h30"",""endTime"":""19h00"",""frequency"":""weekly"",""nthDayOfMonth"":null}]",https://cagette.b-cdn.net/img/8148486ea1dea07a96b7ed3335dfac6f.png,la Cantinière,5 LA CANTINIERE,44190,ST LUMINE DE CLISSON,-1.349582,47.079198
16652,Vente directe légumes bio jardins du Sougey,2023-01-29 13:48:39,"[{""frequency"":""weekly"",""day"":2,""startTime"":""16h00"",""endTime"":""18h00"",""nthDayOfMonth"":null},{""frequency"":""weekly"",""day"":5,""startTime"":""16h00"",""endTime"":""18h00"",""nthDayOfMonth"":null}]",https://cagette.b-cdn.net/img/a013f3a2609012c6e090bcee2426b929.png,Les jardins du Sougey,1931 Route Du Sougey,01340,Montrevel-en-Bresse,5.103951,46.346174
16679,Le Potager De Versailles - Vente chez le maraîcher,2023-02-03 14:19:04,"[{""frequency"":""weekly"",""day"":2,""startTime"":""17h00"",""endTime"":""19h00"",""nthDayOfMonth"":null},{""frequency"":""weekly"",""day"":5,""startTime"":""16h30"",""endTime"":""18h30"",""nthDayOfMonth"":null}]",https://cagette.b-cdn.net/img/d80e0879b08f847fa0f4639117668d5e.jpg,Chez le Maraîcher,32 Route De Madirac,33880,Saint-Caprais-de-Bordeaux,-0.418824,44.758521
16705,La Main Au Panier,2023-02-07 17:15:09,"[{""day"":3,""frequency"":""weekly"",""startTime"":""18h00"",""endTime"":""19h00"",""nthDayOfMonth"":null}]",https://cagette.b-cdn.net/img/4c4e5dfc3a11f7f99cab2fd62e2b3fad.png,Ecole du pont de Noblat,,87400,Saint Léonard de Noblat,1.48043809,45.8334255
16717,retrait à  ANCEY - Pains & Gourmandises,2023-02-13 12:24:24,"[{""day"":5,""startTime"":""17h30"",""endTime"":""19h30"",""frequency"":""weekly"",""nthDayOfMonth"":null},{""day"":5,""startTime"":""18h00"",""endTime"":""19h30"",""frequency"":""weekly"",""nthDayOfMonth"":null}]",https://cagette.b-cdn.net/img/retrait-ancey-pains-gourmandises_ec10708e6c9cd266533c409b9d49dd53.webp,"Chez Irène et Bruno - dans la cour à  droite, à  l'intérieur d",1 Rue Du Carré,21410,Ancey,4.826521,47.329556
16756,retrait à  AGEY - Pains & Gourmandises,2023-02-21 11:57:03,"[{""day"":5,""startTime"":""17h45"",""endTime"":""21h00"",""frequency"":""weekly"",""nthDayOfMonth"":null}]",https://cagette.b-cdn.net/img/retrait-agey-pains-gourmandises_c12b7d24000be0dde4500e9f47aa90c4.webp,Petite salle de la Mairie,,21410,Agey,4.76520393605984,47.2841747716059
16759,retrait au fournil de Trouhaut - Pains & Gourmandises,2023-02-21 13:28:04,"[{""day"":5,""startTime"":""16h01"",""endTime"":""19h00"",""frequency"":""weekly"",""nthDayOfMonth"":null}]",https://cagette.b-cdn.net/img/retrait-au-fournil-de-trouhaut-pains-gourmandises_0c365da700635009103ba04117720e0f.webp,Fournil de Trouhaut,11 grande rue,21440,Trouhaut,4.757922,47.390704
16765,Marché Place de la Liberté,2023-02-21 16:45:27,"[{""day"":6,""startTime"":""7h00"",""endTime"":""12h00"",""frequency"":""weekly"",""nthDayOfMonth"":null}]",https://cagette.b-cdn.net/img/ca4d01582c009d9b39a32b417b862f54.jpg,Marché centre-ville,Place de la Liberté,42400,St Chamond,4.51008135,45.4750609
16792,AMAP Les Courts-Circuiteurs (marché),2023-02-27 10:45:58,"[{""day"":4,""startTime"":""18h30"",""endTime"":""19h30"",""frequency"":""weekly"",""nthDayOfMonth"":null}]",https://cagette.b-cdn.net/img/ed976c640f8710afb1c82723dc7da683.jpg,AMAP Les Courts-Circuiteurs,"5, Place des Maligrettes",79100,Thouars,-0.22094,46.9857
16807,Nelly Nello,2023-02-27 20:59:58,"[{""frequency"":""weekly"",""day"":4,""startTime"":""19h00"",""endTime"":""22h00"",""nthDayOfMonth"":null},{""frequency"":""weekly"",""day"":5,""startTime"":""10h00"",""endTime"":""22h00"",""nthDayOfMonth"":null}]",https://cagette.b-cdn.net/img/bcd4cdff8415c2e44bba73f34eaf0ffc.jpg,Nelly Nello Restaurant-Traiteur,23 Grand'place,59230,Saint-Amand-les-Eaux,3.427487,50.448451
16813,Le marché du Triptyk,2023-02-28 14:35:28,"[{""day"":4,""startTime"":""16h00"",""endTime"":""19h00"",""frequency"":""adHoc"",""nthDayOfMonth"":null}]",https://cagette.b-cdn.net/img/42d154ff55b90c34d45927d7e174e5f3.jpg,Parking de la MAIRIE DE MARLIAC,D 25h,31550,Marliac,1.474821,43.227567
16832,Marché Paysan Chez Nature et Saveurs,2023-03-02 14:30:29,"[{""frequency"":""weekly"",""day"":6,""startTime"":""10h00"",""endTime"":""12h00"",""nthDayOfMonth"":null},{""day"":6,""startTime"":""10h00"",""endTime"":""12h00"",""frequency"":""weekly"",""nthDayOfMonth"":null}]",https://cagette.b-cdn.net/img/fe64a1eab1b63811928cbbff6addd044.jpg,GAEC Nature et Saveurs,3D route de Montanceix,24110,Saint Astier,0.543943,45.148264
16833,"Commandes de plants bio, La Ferme de Canou",2023-03-02 16:38:17,"[{""day"":1,""frequency"":""weekly"",""startTime"":""9h00"",""endTime"":""12h00"",""nthDayOfMonth"":null},{""day"":3,""frequency"":""weekly"",""startTime"":""9h00"",""endTime"":""12h00"",""nthDayOfMonth"":null},{""day"":6,""frequency"":""weekly"",""startTime"":""9h00"",""endTime"":""12h00"",""nthDayOfMonth"":null},{""day"":5,""startTime"":""14h00"",""endTime"":""17h00"",""frequency"":""weekly"",""nthDayOfMonth"":null}]",https://cagette.b-cdn.net/img/commandes-de-plants-bio-la-ferme-de-canou_c56d3131b89807ad3eb178b951c1d56a.webp,La Ferme de Canou,Route de Chambaud,43220,Riotord,4.383726,45.236986
16836,Les Pot'iront_Frejus,2023-03-03 08:51:11,"[{""frequency"":""weekly"",""day"":3,""startTime"":""17h00"",""endTime"":""19h00"",""nthDayOfMonth"":null},{""frequency"":""weekly"",""day"":4,""startTime"":""17h30"",""endTime"":""19h00"",""nthDayOfMonth"":null}]",https://cagette.b-cdn.net/img/5baefb6dc554e3d63968cec21823fa3e.png,Les Pot'iront_Frejus,753 bd de la mer,83600,Frejus,6.742316,43.422523
16894,La Cagette de Fay,2023-03-13 12:21:13,"[{""frequency"":""weekly"",""day"":5,""startTime"":""17h00"",""endTime"":""19h00"",""nthDayOfMonth"":null}]",https://cagette.b-cdn.net/img/6ddaf3db9d21ab397abfa87c3ad6fca1.jpg,Ferme de la Morissais,17 La Morissais,44130,Fay-de-Bretagne,-1.809849,47.403183
16960,Marché Périgourdin chez Nature & Saveurs - St Astier,2023-03-20 09:06:41,"[{""frequency"":""weekly"",""day"":2,""startTime"":""17h00"",""endTime"":""18h00"",""nthDayOfMonth"":null}]",https://cagette.b-cdn.net/img/672ea012cea8abbced0efec3006216d8.jpg,GAEC Nature et Saveurs,3d Route De Montanceix,24110,Saint-Astier,0.544369,45.149205
16973,Pains et Biscuits (Ferme de la Chouette Blanche) - JARDIN DE PAG,2023-03-22 10:02:14,"[{""day"":2,""startTime"":""16h30"",""endTime"":""19h00"",""frequency"":""weekly"",""nthDayOfMonth"":null}]",https://cagette.b-cdn.net/img/6d7ca80f821c5583f70513271d58a031.jpg,Jardin de Pagnac,5 route de Pagnac,87430,VERNEUIL SUR VIENNE,1.076895,45.86685
16975,Pouilly AMAP,2023-03-22 11:21:06,"[{""day"":3,""startTime"":""17h30"",""endTime"":""19h00"",""frequency"":""weekly"",""nthDayOfMonth"":null}]",https://cagette.b-cdn.net/img/1bb4aa7980478e56c0a64f6880c1a41e.png,Le panier pollien,,21320,pouilly en auxois,4.556196,47.262242
17004,AMAP SEYSSINET,2023-03-27 16:24:05,"[{""day"":1,""startTime"":""18h30"",""endTime"":""19h15"",""frequency"":""weekly""}]",https://cagette.b-cdn.net/img/dba3a1c6595e0e6a5e5b3841d542d0ac.jpg,Centre social de l'Arche,84 rue de l'industrie,38170,Seyssinet,5.69774,45.178254
17012,Plombieres AMAP,2023-03-28 09:47:07,"[{""day"":5,""startTime"":""17h30"",""endTime"":""19h00"",""frequency"":""weekly"",""nthDayOfMonth"":null}]",https://cagette.b-cdn.net/img/cdfd85f8308544d9ca6aabf58d48919c.png,Plombières les Dijon,,"","",,
17014,Sombernon AMAP,2023-03-28 14:10:18,"[{""day"":2,""startTime"":""18h30"",""endTime"":""19h30"",""frequency"":""weekly"",""nthDayOfMonth"":null}]",https://cagette.b-cdn.net/img/21393d9f0b24b43fcc29d96d75e7f36b.png,Amap de Sombernon,,21540,sombernon,4.709901,47.308961
17033,Mercredi Valayan,2023-03-31 05:36:14,"[{""day"":4,""startTime"":""17h00"",""endTime"":""19h00"",""frequency"":""weekly""},{""day"":3,""startTime"":""15h00"",""endTime"":""20h00"",""frequency"":""weekly"",""nthDayOfMonth"":null}]",https://cagette.b-cdn.net/img/25d882d9326c368396cf7b199d4b2bef.png,Le Champ d'à  Côté,95 Chemin Des Aubépines,84210,Pernes-les-Fontaines,4.989412,43.979496
17035,à  SAINT-SEINE L'ABBAYE - Pains & Gourmandises,2023-03-31 15:08:28,"[{""day"":5,""startTime"":""18h00"",""endTime"":""18h30"",""frequency"":""weekly""}]",https://cagette.b-cdn.net/img/22534efb7d8c01f866fc320403edc522.jpg,SAINT-SEINE L'ABBAYE,rue Foire aux vaches,21540,SAINT-SEINE L'ABBAYE,4.792807,47.440252
17050,Vente à  la ferme de Patricia Simonin,2023-04-02 18:42:10,"[{""frequency"":""weekly"",""day"":5,""startTime"":""16h30"",""endTime"":""18h30"",""nthDayOfMonth"":null}]",https://cagette.b-cdn.net/img/726b8a09ac1807bfd76975bba97d9e1e.jpg,Les Flaches,3 chemin des Flaches,42400,St Chamond,4.475653,45.4664
17087,AMAP de l'Ambène (marché),2023-04-06 15:36:13,"[{""day"":2,""startTime"":""18h00"",""endTime"":""19h30"",""frequency"":""weekly"",""nthDayOfMonth"":null}]",https://cagette.b-cdn.net/img/03c239ba7b541bd57e7382c3808dacc7.png,Salle Polyvalente Jacques Prévert,10 Rue Du Coudet,63200,Marsat,3.080007,45.876273
17088,Vente à  la ferme LE POTAGER DE CEIGNES,2023-04-07 06:47:57,"[{""day"":5,""startTime"":""17h30"",""endTime"":""19h00"",""frequency"":""weekly""}]",https://cagette.b-cdn.net/img/e822b4a583e7a7918f6383b11f2f0a09.png,LE POTAGER DE CEIGNES,162 Rue De La Mairie,01430,Ceignes,5.499422,46.119264
17089,Cagette de la Baraka,2023-04-07 09:24:40,"[{""frequency"":""weekly"",""day"":5,""startTime"":""16h00"",""endTime"":""18h00"",""nthDayOfMonth"":null}]",https://cagette.b-cdn.net/img/a6d5f5a0325a407e41adc696fb7b240a.jpg,Le bar du BARAKA,12 rue de Montmoreau,16000,Angoulême,0.160771,45.649333
17098,Jardin Inari - Livraison à  domicile du jeudi,2023-04-10 15:17:15,"[{""day"":4,""startTime"":""13h30"",""endTime"":""15h15"",""frequency"":""weekly""}]",https://cagette.b-cdn.net/img/48d3350771c398aa081a0a7a06bd52c0.jpg,Candé et ses environs,Route De Loiré,49440,Candé,-1.029816,47.562657
17099,Jardin Inari - Livraison à  domicile du samedi,2023-04-10 15:17:50,"[{""day"":6,""startTime"":""10h00"",""endTime"":""12h30"",""frequency"":""weekly""}]",https://cagette.b-cdn.net/img/339f08a5c50b7e84a2d8ec53ad31211a.jpg,Combrée et ses environs,Rue De Bretagne,49420,Ombrée d'Anjou,-0.996023,47.712158
17100,Jardin Inari - Livraison du mercredi,2023-04-10 15:20:45,"[{""frequency"":""biweekly"",""day"":3,""startTime"":""16h00"",""endTime"":""17h00"",""nthDayOfMonth"":null}]",https://cagette.b-cdn.net/img/5028eb2c06ed5886f2ca32728f96745f.jpg,Segré et ses environs,21 Place Aristide Briand,49500,Segré,-0.8740528551742841,47.685888447080316
17118,Le Jardin Romanesco - Licques et alentours,2023-04-12 08:31:40,"[{""day"":1,""startTime"":""17h30"",""endTime"":""21h00"",""frequency"":""weekly"",""nthDayOfMonth"":null},{""day"":6,""startTime"":""10h00"",""endTime"":""15h00"",""frequency"":""weekly"",""nthDayOfMonth"":null}]",https://cagette.b-cdn.net/img/068a4aa263055753a006bcf6c895508f.jpg,Au Jardin Romanesco,137 Rue Du Bourg,62850,Licques,1.93421,50.785059
17143,le Noir du Picou - Auterive,2023-04-14 06:55:13,"[{""day"":5,""startTime"":""11h00"",""endTime"":""12h00"",""frequency"":""monthly"",""nthDayOfMonth"":4},{""day"":3,""startTime"":""11h00"",""endTime"":""12h00"",""frequency"":""monthly"",""nthDayOfMonth"":5},{""day"":5,""startTime"":""11h00"",""endTime"":""12h00"",""frequency"":""monthly"",""nthDayOfMonth"":4}]",https://cagette.b-cdn.net/img/7cf1b4ce89ad46b66461b8fb055e5386.png,gare d'Auterive,,31190,Auterive,1.477509,43.352403
17144,Le Noir du Picou - Toulouse,2023-04-14 07:13:58,"[{""day"":6,""startTime"":""12h31"",""endTime"":""13h15"",""frequency"":""monthly"",""nthDayOfMonth"":1},{""day"":5,""startTime"":""13h15"",""endTime"":""14h00"",""frequency"":""monthly"",""nthDayOfMonth"":4},{""day"":5,""startTime"":""12h30"",""endTime"":""13h15"",""frequency"":""monthly"",""nthDayOfMonth"":4}]",https://cagette.b-cdn.net/img/6bc7736e3d37c23f3fcc0285914a8820.png,Rue Job,Rue Job,31000,Toulouse,1.445765,43.611714
17151,retrait à  Panges - Pains & Gourmandises,2023-04-14 18:28:15,"[{""day"":5,""startTime"":""18h00"",""endTime"":""19h00"",""frequency"":""weekly""}]",https://cagette.b-cdn.net/img/retrait-panges-pains-gourmandises_30b3f800131e14139b2c643aab483c34.webp,"Dans la grange, avant le 15","15, rue du val courbe",21540,Panges,4.799571,47.373368
17194,Les légumes de la Genette à la FERME,2023-04-20 08:32:36,"[{""frequency"":""weekly"",""day"":4,""startTime"":""16h00"",""endTime"":""23h55"",""nthDayOfMonth"":null}]",https://cagette.b-cdn.net/img/Les_légumes_de_la_Genette_aux_Jardins_de_la_Genette_b4e600dc70acf34849c3b338f87616c2.webp,Les Jardins de la Genette,26 la Gateliere,85600,Saint Georges de Montaigu,-1.27514,46.949611
17200,retrait à  Villy en Auxois - Pains & Gourmandises,2023-04-21 21:18:47,"[{""day"":5,""startTime"":""16h00"",""endTime"":""19h00"",""frequency"":""weekly"",""nthDayOfMonth"":null}]",https://cagette.b-cdn.net/img/retrait-villy-en-auxois-pains-gourmandises_d7629842a8ee994c10c9f3b6d09f0290.webp,Epicerie chez la Julie,Place Du 11 Novembre,21350,Villy-en-Auxois,4.635447,47.420805
17257,"Vente à  la ferme ""Les Jardins des Fougères""",2023-04-26 13:56:12,"[{""day"":6,""startTime"":""11h00"",""endTime"":""12h00"",""frequency"":""weekly"",""nthDayOfMonth"":null}]",https://cagette.b-cdn.net/img/cb6d140b7ca90ab4d67bae4d812c0d83.jpg,Les Jardins des Fougères,"1, les Fougères",87290,SAINT-SORNIN-LEULAC,1.35286,46.207212
17264,Brive - sortie 49 (Ussac),2023-04-27 12:02:22,[],https://cagette.b-cdn.net/img/brive-sortie-49-ussac_87e8ef1843292410a6774c3d57dda116.webp,Brive - A20 sortie 49,,19100,BRIVE,1.532402,45.162181
17268,Vente à  la ferme - Douron,2023-04-27 22:11:41,"[{""frequency"":""everyFourWeeks"",""day"":4,""startTime"":""17h30"",""endTime"":""18h30"",""nthDayOfMonth"":null}]",https://cagette.b-cdn.net/img/0ba17c6d40c599b131350d80bc3d529e.png,FERME DE DOURON,2 IMPASSE DE LA GARDE,79600,PLAINE ET VALLEES,-0.082448,46.855423
17274,Mardi soir - Les JdlS / Mzf - Paysans du Vignoble ,2023-04-29 04:00:38,"[{""day"":2,""startTime"":""17h00"",""endTime"":""19h00"",""frequency"":""weekly"",""nthDayOfMonth"":null}]",https://cagette.b-cdn.net/img/d208841a3e83d96af1ab9beeb719779e.jpg,Retrait à  la ferme,307 Route De La Blandinairie,44330,Mouzillon,-1.291456,47.134179
17297,Marché AGRIBIO : Fenay,2023-05-02 13:20:04,[],https://cagette.b-cdn.net/img/99325e84f1d48071eec5fa3b205d1bfe.jpg,Ferme Agri-Bio,12 rue des Chenevières Hameau de Chevigny,21600,Fénay,5.05991,47.241843
17414,le Noir du Picou - Vernet,2023-05-18 05:55:09,"[{""day"":5,""startTime"":""12h00"",""endTime"":""12h35"",""frequency"":""monthly"",""nthDayOfMonth"":4},{""day"":5,""startTime"":""11h30"",""endTime"":""12h15"",""frequency"":""monthly"",""nthDayOfMonth"":4}]",https://cagette.b-cdn.net/img/800c6984ae9ba3a914b54b7315ae23b9.png,"3 pl Paul Murel, 31810 Vernet",,"","",,
17415,le Noir du Picou - Pins Justaret,2023-05-18 05:56:22,"[{""day"":5,""startTime"":""12h15"",""endTime"":""13h00"",""frequency"":""monthly"",""nthDayOfMonth"":5},{""day"":5,""startTime"":""12h00"",""endTime"":""12h30"",""frequency"":""monthly"",""nthDayOfMonth"":4}]",https://cagette.b-cdn.net/img/e15a1ed7293b77641ce7d0aeb1a4bda2.png,"1 Rue de la Bruyère, 31120 Pinsaguel",,"","",,
17416,Le Noir du Picou - Montaudran,2023-05-18 06:12:09,"[{""day"":5,""startTime"":""13h44"",""endTime"":""14h15"",""frequency"":""monthly"",""nthDayOfMonth"":4},{""day"":5,""startTime"":""13h00"",""endTime"":""14h00"",""frequency"":""monthly"",""nthDayOfMonth"":2},{""day"":5,""startTime"":""13h00"",""endTime"":""14h00"",""frequency"":""monthly"",""nthDayOfMonth"":4}]",https://cagette.b-cdn.net/img/868dfe7937e21b990cd910ed7f589d84.png,"2 Impasse Hubert Latham, 31400 Toulouse, France",2 Impasse Hubert Latham,31400,Toulouse,1.483563673919889,43.5787664303742
17483,Ferme du Ruisseau de Saint-Clair,2023-05-28 22:18:31,"[{""day"":2,""startTime"":""17h30"",""endTime"":""19h30"",""frequency"":""weekly"",""nthDayOfMonth"":null}]",https://cagette.b-cdn.net/img/d52b038cf8457be23e583438b62fd8f1.jpg,Ferme du Ruisseau de Saint-Clair,454 route des Sagnoles,46300,Saint-Clair,1.418651,44.69898
17529,Horizons Fermiers,2023-06-10 19:50:00,"[{""day"":5,""startTime"":""9h00"",""endTime"":""19h00"",""frequency"":""weekly""},{""day"":3,""startTime"":""9h00"",""endTime"":""19h00"",""frequency"":""weekly""}]",https://cagette.b-cdn.net/img/460cd65340696279cc6d542b8ff07b0d.png,Magasin Producteur Horizon Fermier,1414 chemin de rosey ouest,26100,Romans sur Isère,4.998411,45.052194
17536,Ferme de la Forêt : TALENSAC,2023-06-12 12:25:47,"[{""day"":6,""startTime"":""8h00"",""endTime"":""13h00"",""frequency"":""weekly"",""nthDayOfMonth"":null},{""day"":5,""startTime"":""8h00"",""endTime"":""13h00"",""frequency"":""weekly"",""nthDayOfMonth"":null},{""day"":3,""startTime"":""8h00"",""endTime"":""13h00"",""frequency"":""weekly"",""nthDayOfMonth"":null},{""day"":0,""startTime"":""8h00"",""endTime"":""13h00"",""frequency"":""weekly"",""nthDayOfMonth"":null}]",https://cagette.b-cdn.net/img/1db778178b1868afc3c7c46836cbd088.png,Marché de talensac,11 Rue Basse Porte,44000,Nantes,-1.55855378826476,47.22120701855994
17550,Vente en ligne des produits du jardin d'Isabelle,2023-06-14 07:44:06,"[{""day"":3,""startTime"":""16h00"",""endTime"":""18h00"",""frequency"":""weekly"",""nthDayOfMonth"":null}]",https://cagette.b-cdn.net/img/vente-en-ligne-des-produits-du-jardin-d-isabelle_a630491d77a86692b7b0e0a5134e7b8b.webp,Le Jardin d'isabelle,23 Rue De L'église,88240,Gruey-lès-Surance,6.182826,48.037913
17566,Domaine agricole de Valle  Légumes  du samedi,2023-06-18 13:59:25,"[{""day"":6,""frequency"":""weekly"",""startTime"":""9h00"",""endTime"":""12h00"",""nthDayOfMonth"":null},{""day"":2,""frequency"":""weekly"",""startTime"":""17h00"",""endTime"":""19h00"",""nthDayOfMonth"":null}]",https://cagette.b-cdn.net/img/727b1031bcb38d03310cff678b923141.jpg,Domaine agricole de Valle ,Route De Pinarello,20144,Zonza,9.3581401,41.6936716
17584,Arrosoir ô Légumes,2023-06-21 09:59:51,"[{""day"":3,""startTime"":""18h30"",""endTime"":""19h45"",""frequency"":""biweekly"",""nthDayOfMonth"":null}]",https://cagette.b-cdn.net/img/389f77c48c5b964bbaf5aa2cd5dd4474.jpg,Préau de la Mairie,6 avenue Pasteur,33270,Floirac,-0.527638,44.830518
17622,La Cagette des Jardins du Prémongis,2023-07-03 14:37:18,"[{""frequency"":""weekly"",""day"":2,""startTime"":""17h00"",""endTime"":""19h00"",""nthDayOfMonth"":null}]",https://cagette.b-cdn.net/img/372947b964b23847bba3607ae120ab4c.jpg,Les Jardins du Prémongis,4 Le Prémongis,85260,Montréverd,-1.385471,46.937333
17679,Livraison à  domicile ( liste des villages dans descriptif ),2023-07-23 16:56:15,"[{""day"":2,""startTime"":""17h00"",""endTime"":""19h00"",""frequency"":""weekly""},{""day"":2,""startTime"":""11h00"",""endTime"":""12h00"",""frequency"":""weekly"",""nthDayOfMonth"":null}]",https://cagette.b-cdn.net/img/7e46d391764350a5ae6b1304c34d8a34.png,A domicile,Saint-Martin-du-Frêne,01430,Saint-Martin-du-Frêne,5.55234,46.138734
17727,Les légumes des îles feray,2023-08-20 11:53:42,"[{""day"":5,""startTime"":""8h30"",""endTime"":""18h00"",""frequency"":""weekly""}]",https://cagette.b-cdn.net/img/60db98b40b3128c9eccb90757785d8f3.jpg,Les légumes des îles feray,Chemin Des àŽles Feray,07300,Tournon-sur-Rhône,4.8499136,45.0512575
17730,Drive au Château Auney l'Hermitage,2023-08-21 17:26:12,"[{""day"":2,""frequency"":""weekly"",""startTime"":""15h30"",""endTime"":""15h46"",""nthDayOfMonth"":null}]",https://cagette.b-cdn.net/img/drive-au-ch-teau-auney-l-hermitage_7511ffdbbe7a9320421103b3f458f6a3.webp,Château Auney l'Hermitage,chemin de la Girotte,33650,La Brède,-0.511361,44.676086
17736,Agey,2023-08-25 09:50:42,"[{""day"":5,""startTime"":""17h00"",""endTime"":""19h00"",""frequency"":""weekly"",""nthDayOfMonth"":null},{""day"":2,""startTime"":""18h00"",""endTime"":""19h30"",""frequency"":""weekly"",""nthDayOfMonth"":null}]",https://cagette.b-cdn.net/img/a184d4445748e3e6628e6c33ca561086.png,Agey,2 Rue De L'école,21410,Agey,4.764842,47.284217
17765,Amap de la Veyre,2023-09-05 17:51:21,"[{""day"":5,""frequency"":""monthly"",""startTime"":""18h00"",""endTime"":""19h15"",""nthDayOfMonth"":1}]",https://cagette.b-cdn.net/img/e973ca6386172c2976ec8abb422e94dc.jpg,Place des Tilleuls,,63 960,VEYRE MONTON,3.164847,45.673296
17770,La Cagette de Rosières par l'After Marché,2023-09-07 13:57:16,"[{""day"":2,""startTime"":""18h00"",""endTime"":""19h00"",""frequency"":""weekly"",""nthDayOfMonth"":null}]",https://cagette.b-cdn.net/img/0bf17b707c6541643b078aa93f026ade.jpg,Gare de Rosières,Rue De La Gare,43800,Rosières,3.99181,45.133008
17772,La Ferme du Coin,2023-09-08 08:25:52,"[{""day"":3,""startTime"":""16h00"",""endTime"":""19h00"",""frequency"":""weekly"",""nthDayOfMonth"":null}]",https://cagette.b-cdn.net/img/28a3c03dd6bcd7e61bba5c8e5f2e58d4.png,LE JARDIN DU COIN,2 Route De Choué,86600,Celle-Lévescault,0.19543414333148235,46.38086147165416
17777,"Marché couvert de Thise, vendredi 17h30 à  19h30",2023-09-12 09:47:43,"[{""day"":5,""startTime"":""17h30"",""endTime"":""19h30"",""frequency"":""weekly""}]",https://cagette.b-cdn.net/img/6dc89adfbb55214d431d387ba8418f0f.png,Marché couvert,Rue De La Champenâtre,25220,Thise,6.078348,47.284609
17799,la cagette du jardin du bout du chemin,2023-09-20 15:22:40,"[{""day"":2,""startTime"":""16h30"",""endTime"":""19h00"",""frequency"":""weekly"",""nthDayOfMonth"":null},{""day"":2,""startTime"":""16h30"",""endTime"":""18h30"",""frequency"":""weekly"",""nthDayOfMonth"":null}]",https://cagette.b-cdn.net/img/5761ba6b82ca834f0803a4e20c0c94cf.jpg,Le jardin du bout du chemin,29 Chemin Des Prés,85160,Saint-Jean-de-Monts,-2.024168,46.810651
17802,Des Terrasses du Rhône au Sommelier,2023-09-21 17:32:03,"[{""day"":5,""startTime"":""10h00"",""endTime"":""19h00"",""frequency"":""weekly""}]",https://cagette.b-cdn.net/img/ff2f3268e5209f3f9e84527375e11a44.jpg,Des Terrasses du Rhône au Sommelier,22 Rue Des Bessards,26600,Tain-l'Hermitage,4.835701,45.071511
17853,Les Bios du Coin - Les Voivres,2023-10-02 11:30:00,"[{""day"":2,""startTime"":""17h00"",""endTime"":""19h00"",""frequency"":""weekly"",""nthDayOfMonth"":null},{""day"":2,""startTime"":""16h00"",""endTime"":""18h00"",""frequency"":""biweekly"",""nthDayOfMonth"":null}]",https://cagette.b-cdn.net/img/dd5f0eb073eb5f3aa70482d7d16a2b17.png,Ferme Les Pampilles de La Plaine,1111 Rue Du Chaudiron,88240,Les Voivres,6.295658,48.045996
17864,Les paniers du Mardi,2023-10-03 17:19:03,"[{""day"":2,""startTime"":""8h00"",""endTime"":""19h00"",""frequency"":""weekly""}]",https://cagette.b-cdn.net/img/f7ec83eb7a66cd42c2b65e4b83784679.jpg,Aléria - Bravone,"","",Aléria,9.513479,42.114796
17869,AMAP de la Rainette - Ferme du Porc qui Dore,2023-10-04 12:18:35,[],https://cagette.b-cdn.net/img/d8071710162823d5d7fc62913dfbecbd.png,MJC Nomade,,54500,VandÅ“uvre-lès-Nancy,6.172462,48.659968
17874,Une Cave à  Bron,2023-10-04 13:05:37,"[{""day"":2,""startTime"":""17h00"",""endTime"":""19h00"",""frequency"":""weekly"",""nthDayOfMonth"":null},{""day"":5,""startTime"":""17h00"",""endTime"":""19h00"",""frequency"":""weekly"",""nthDayOfMonth"":null}]",https://cagette.b-cdn.net/img/41edba15675469df4d66cd49c679f0f2.jpg,Une Cave à  Bron,53 Avenue Camille Rousset,69500,Bron,4.910856,45.735802
17881,La Techno-bio des Taristas - Plateau Caillou,2020-07-30 16:24:07,"[{""frequency"":""weekly"",""day"":3,""startTime"":""13h00"",""endTime"":""14h00"",""nthDayOfMonth"":null}]",https://cagette.b-cdn.net/img/5d74b47375766e1fd9d71c21c6d2dc17.png,livraison a domicile sur plateau caillou,Plateau Caillou,97460,Saint-Paul,55.276067,-21.027822
17882,La Techno-bio des Taristas - Rivière des Galets,2020-07-30 16:24:07,"[{""day"":3,""startTime"":""13h00"",""endTime"":""14h00"",""frequency"":""weekly"",""nthDayOfMonth"":null}]",https://cagette.b-cdn.net/img/5d74b47375766e1fd9d71c21c6d2dc17.png,Rivière des Galets,La Rivière Des Galets,97420,Le Port,55.3127551,-20.9574915
17883,La Techno-bio des Taristas - St Gilles Les Hauts,2020-07-30 16:24:07,"[{""frequency"":""weekly"",""day"":3,""startTime"":""13h30"",""endTime"":""14h00"",""nthDayOfMonth"":null}]",https://cagette.b-cdn.net/img/5d74b47375766e1fd9d71c21c6d2dc17.png,livraison a domicile sur le secteur de st gilles les hauts,Chemin D'eau (Saint-Gilles Les Hauts),97435,Saint-Paul,55.274556,-21.042642
17891,La Techno-bio des Taristas - St Gilles Les Bains,2020-07-30 16:24:07,"[{""day"":3,""startTime"":""13h00"",""endTime"":""14h00"",""frequency"":""weekly"",""nthDayOfMonth"":null}]",https://cagette.b-cdn.net/img/5d74b47375766e1fd9d71c21c6d2dc17.png,livraison a domicile sur le secteur de st gilles lES BAINS,Saint Gilles Les Bains 1er,97434,Saint-Paul,55.226619,-21.052728
17892,La Techno-bio des Taristas - St Paul Savannah,2020-07-30 16:24:07,"[{""frequency"":""weekly"",""day"":3,""startTime"":""13h00"",""endTime"":""14h00"",""nthDayOfMonth"":null}]",https://cagette.b-cdn.net/img/5d74b47375766e1fd9d71c21c6d2dc17.png,LIVRAISON A DOMICILE SUR  LE SECTEUR ST PAUL SAVANAH,Savannah,97460,Saint-Paul,55.294574,-20.98469
17893,La Techno-bio des Taristas - Bois de Nèfle Saint Paul,2020-07-30 16:24:07,"[{""frequency"":""weekly"",""day"":3,""startTime"":""13h00"",""endTime"":""14h00"",""nthDayOfMonth"":null}]",https://cagette.b-cdn.net/img/5d74b47375766e1fd9d71c21c6d2dc17.png,livraison a domicile sur le secteur de BOIS DE NEFLE SAINT PAUL,"",97411,Saint-Paul,55.326941,-20.987502
17895,La Techno-bio des Taristas - Cimetière du Guillaume,2020-07-30 16:24:07,"[{""frequency"":""weekly"",""day"":3,""startTime"":""13h00"",""endTime"":""14h00"",""nthDayOfMonth"":null}]",https://cagette.b-cdn.net/img/5d74b47375766e1fd9d71c21c6d2dc17.png,Cimetière du guillaume,Chemin Summer,97411,Saint-Paul,55.331348,-21.014667
17896,La Techno-bio des Taristas - Marché de la Source St Denis,2020-07-30 16:24:07,"[{""day"":5,""startTime"":""13h00"",""endTime"":""14h00"",""frequency"":""weekly"",""nthDayOfMonth"":null}]",https://cagette.b-cdn.net/img/5d74b47375766e1fd9d71c21c6d2dc17.png,PARKING DU MARCHà‰ DE LA SOURCE SAINT DENIS,Chemin De La Station,97490,Saint-Denis,55.4877,-20.929665
17912,BOUCL'AMAP - L'octroi,2021-05-01 17:59:08,"[{""day"":1,""startTime"":""18h00"",""endTime"":""19h00"",""frequency"":""biweekly""}]",https://cagette.b-cdn.net/img/797e78df3370c2ec699be32e27d7fcd3.jpg,L'octroi,47 Boulevard D'austrasie,54000,Nancy,6.198677,48.693437
17917,Retrait à  la ferme,2023-10-10 16:21:07,"[{""day"":3,""frequency"":""weekly"",""startTime"":""17h00"",""endTime"":""18h30"",""nthDayOfMonth"":null}]",https://cagette.b-cdn.net/img/fe76b3b567f8f3ef457be847e7713ad8.png,Champignons Coussacois,655 Rte de la Besse,87500,Coussac-Bonneval,1.358681,45.507366
17932,Marché Mur-de-Barrez,2021-06-21 16:05:24,"[{""day"":4,""startTime"":""8h30"",""endTime"":""12h00"",""frequency"":""weekly""}]",https://cagette.b-cdn.net/img/22c0acf519a2eab6d76a5d277b02042f.png,Marché Mur de Barrez,7 Place De Monaco,12600,Mur-de-Barrez,2.660382,44.843773
17933,Point de vente à  la Ferme Lopin au levain,2023-10-17 21:48:06,"[{""day"":5,""startTime"":""17h00"",""endTime"":""19h00"",""frequency"":""weekly"",""nthDayOfMonth"":null}]",https://cagette.b-cdn.net/img/7fa0dbbf522f3f46994c302e8748ad55.png,Ferme Lopin au levain,101 Route De La Chaume,88340,Le Val-d'Ajol,6.490868706934776,47.90692647131007
17958,Les paniers fermiers de La petite ferme,2023-10-23 15:53:38,"[{""frequency"":""weekly"",""day"":5,""startTime"":""17h00"",""endTime"":""19h00"",""nthDayOfMonth"":null}]",https://cagette.b-cdn.net/img/345453ca92f6b66b0dbbc83d8245c90b.png,La Petite Ferme - Louans,10 La Grande Rue,37320,Louans,0.736798,47.185524
17965,Vente à  la ferme de la Recluse,2023-10-26 14:44:53,[],https://cagette.b-cdn.net/img/c41ec673d98e376af03993b5cf6ac51b.png,Pellerey,,21440,Pellerey,4.787013,47.433466
18019,LA FERME DU TRAVALON - Dépôt Bistro Le Cheval Blanc,2023-11-15 20:23:10,"[{""day"":2,""startTime"":""17h00"",""endTime"":""21h30"",""frequency"":""weekly"",""nthDayOfMonth"":null}]",https://cagette.b-cdn.net/img/la-ferme-du-travalon-d-p-t-bistro-le-cheval-blanc_61e6dc93bbbcccf09379319aa92d0a75.webp,Bistro Le Cheval Blanc,2 Rue Robert Lugnier,42260,Saint-Germain-Laval,4.010896,45.829458
18020,Le Potager Sauvage - livraison chez Les Petits Maraichins,2023-11-16 07:35:23,"[{""day"":5,""startTime"":""16h00"",""endTime"":""19h00"",""frequency"":""weekly"",""nthDayOfMonth"":null}]",https://cagette.b-cdn.net/img/e43ad023d95dbf7597c8dca648881572.jpg,Les Petits Maraichins à  Bois de Cené ,Rue Du Grand Marais,85710,Bois-de-Céné,-1.91289,46.955141
18065,La Cagette de L'APULIT,2023-11-27 07:32:21,"[{""day"":5,""startTime"":""18h00"",""endTime"":""19h00"",""frequency"":""weekly"",""nthDayOfMonth"":null}]",https://cagette.b-cdn.net/img/557d680133d0ec48bd6fd0431dd127c7.png,CAFE MULTISERVICE L'APULIT,Carrèr Major,66320,Espira-de-Conflent,2.497482,42.616472
18068,Au Four et au Jardin,2023-11-27 09:33:30,"[{""day"":6,""startTime"":""10h30"",""endTime"":""13h30"",""frequency"":""weekly"",""nthDayOfMonth"":null}]",https://cagette.b-cdn.net/img/436d901c2ba35d7f30206c0aed344585.jpg,La Bio-l'Anjou-rie,Rue Du Val D'ombrée,49420,Ombrée d'Anjou,-1.028776,47.706445
18146,LA FERME DU TRAVALON - Pépinière Vial à  Feurs,2024-01-08 20:30:08,"[{""day"":2,""startTime"":""16h30"",""endTime"":""19h00"",""frequency"":""weekly""}]",https://cagette.b-cdn.net/img/la-ferme-du-travalon-p-pini-re-vial-feurs_aa1ce4c7970e3a3f1538e1f1511c7cf6.webp,Pépinière Vial,8 route de Boën,42110,feurs,4.206932,45.742856
18155,"Niort, parking du pt Leclerc du centre-ville",2021-02-17 15:06:05,,https://cagette.b-cdn.net/img/9e12448964f1bd0509ebaf4e2d19955f.png,Parking du pt Leclerc du centre ville,,79000,Niort,-0.46,46.32
18157,"Champigny en rochereau, chez Claude et Benoit Brion",2021-02-17 15:06:05,,https://cagette.b-cdn.net/img/9e12448964f1bd0509ebaf4e2d19955f.png,Chez Claude et Benoit Brion,Ld Ourly,86 170,Champigny le Sec,0.135127,46.736784
18159,"Migné Auxances, parking du jardiland (côté stade de foot)",2021-02-17 15:06:05,,https://cagette.b-cdn.net/img/9e12448964f1bd0509ebaf4e2d19955f.png,Parking du jardiland (côté stade de foot),,86440,Migné Auxances,,
18160,"St Jean de Sauves, parking de l'étang",2021-02-17 15:06:05,,https://cagette.b-cdn.net/img/9e12448964f1bd0509ebaf4e2d19955f.png,Parking de l'étang de St Jean de Sauves,Route De L'étang,86330,Saint-Jean-de-Sauves,0.086174,46.843416
18161,"Moncontour, chez Christian et Paulette Rambeau",2021-02-17 15:06:05,,https://cagette.b-cdn.net/img/9e12448964f1bd0509ebaf4e2d19955f.png,Chez Christian et Paulette Rambeau,"14, rue de Rousseleau",Moncontour,86330,,
18175,Les Pains de Stephane,2024-01-17 08:42:44,"[{""day"":6,""startTime"":""7h30"",""endTime"":""12h00"",""frequency"":""weekly""},{""day"":6,""startTime"":""7h45"",""endTime"":""12h00"",""frequency"":""weekly"",""nthDayOfMonth"":null}]",https://cagette.b-cdn.net/img/1813bb1922a1970b815064a9955afc62.png,marché de Rasbastens,2 Promenade Du Pré Vert,81800,Rabastens,1.726432,43.822915
18197,les jardins d'harmonia,2024-01-29 09:17:13,"[{""day"":2,""startTime"":""18h00"",""endTime"":""20h00"",""frequency"":""weekly""},{""day"":2,""startTime"":""17h00"",""endTime"":""19h00"",""frequency"":""weekly"",""nthDayOfMonth"":null}]",https://cagette.b-cdn.net/img/les-jardins-d-harmonia_bdd75383eddd367fc11eb2d324506f0c.webp,avignonnet lauragais,"","",Péchabou,1.508829,43.500596
18279,Roule Poulette au Jardin des Puys (Pouzauges),2024-02-24 12:18:48,"[{""frequency"":""monthly"",""day"":5,""startTime"":""12h00"",""endTime"":""16h30"",""nthDayOfMonth"":3}]",https://cagette.b-cdn.net/img/3e026a8baab715f121eb74171592b856.jpg,Jardin des Puys Pouzauges,,85700,Pouzauges,-0.836111,46.783056
18288,La cagette de Cahagnes - retrait à  la ferme,2024-02-26 21:57:02,"[{""day"":4,""frequency"":""weekly"",""startTime"":""17h00"",""endTime"":""19h00"",""nthDayOfMonth"":null}]",https://cagette.b-cdn.net/img/8d78c5765395def7b140bc0df6e25206.jpg,Aux Légumes du Moulin,Chemin Des Herbages,14240,Cahagnes,-0.72950105,49.06079675
18299,Roule Poulette à  Saint Mesmin,2016-11-22 21:03:43,"[{""day"":5,""frequency"":""monthly"",""startTime"":""15h00"",""endTime"":""18h30"",""nthDayOfMonth"":1},{""day"":5,""startTime"":""16h30"",""endTime"":""19h00"",""frequency"":""monthly"",""nthDayOfMonth"":1}]",https://cagette.b-cdn.net/img/2ee30e3755f1d623d1ef8f1b02e76f3e.jpg,SAINT MESMIN au Jardin des Saveurs,La Roche Gautreau,85700,Saint-Mesmin,-0.760573,46.799071
18300,Roule Poulette au Bio en Herb' (Les Herbiers),2016-11-22 21:03:43,"[{""day"":3,""startTime"":""17h00"",""endTime"":""19h00"",""frequency"":""weekly"",""nthDayOfMonth"":null}]",https://cagette.b-cdn.net/img/274319fe8bc9f3011e4b9f827d84dc03.jpg,LES HERBIERS Le Bio en Herbes retrait commande,Jardin de Coria,85500,LES HERBIERS,-1.03,46.87
18301,Roule Poulette à  Sciecq (Niort),2016-11-22 21:03:43,"[{""day"":6,""startTime"":""11h00"",""endTime"":""12h30"",""frequency"":""monthly"",""nthDayOfMonth"":4}]",https://cagette.b-cdn.net/img/74ad05e2e0de386b67bb07e4ed9558fd.jpg,SCIECQ (Niort) La Pause Sciecquoise,Rue de l'église,79000,SCIECQ,-0.4708386,46.373526
18302,Roule Poulette chez Lorraine et David (Aulnay/Saint Mandé 17470,2016-11-22 21:03:43,,https://cagette.b-cdn.net/img/920f89202e1f24f4c603588a2a7e1fae.jpg,ST LEGER / AULNAY 17470  Marché fermier chez Lorraine et David,Saint Leger,17470,Aulnay de Saintonge,-0.345706,46.021314
18313,Le Jardin des casseilles,2024-02-29 10:22:20,"[{""day"":5,""startTime"":""16h00"",""endTime"":""18h00"",""frequency"":""weekly"",""nthDayOfMonth"":null},{""day"":6,""startTime"":""10h00"",""endTime"":""12h30"",""frequency"":""weekly"",""nthDayOfMonth"":null}]",https://cagette.b-cdn.net/img/b1e27d61a138afb6c643e4c18c65fd3e.jpg,Jardin des Casseilles,Chemin De Bouvaret,38340,Voreppe,5.6381993,45.2789211
18370,Les paniers de Marquixanes,2024-03-20 08:04:45,"[{""day"":2,""startTime"":""17h00"",""endTime"":""18h30"",""frequency"":""weekly"",""nthDayOfMonth"":null}]",https://cagette.b-cdn.net/img/c5343c2cf7bf7c48463c041dbee9b21c.jpg,Mas Llossanes,14 Avenue Roger Roquefort,66320,Marquixanes,2.487243,42.642701
18379,Marché l'Isle sur le Doubs,2024-03-24 18:51:45,"[{""day"":5,""startTime"":""8h00"",""endTime"":""12h00"",""frequency"":""weekly"",""nthDayOfMonth"":null}]",https://cagette.b-cdn.net/img/3accd42481d3976cb6a070e18317e809.jpg,marché Isle sur le Doubs,Place Aristide Briand,25250,L'Isle-sur-le-Doubs,6.580007,47.44924
18430,la cagette de la virade,2024-04-12 14:13:39,"[{""day"":6,""startTime"":""9h00"",""endTime"":""12h00"",""frequency"":""weekly"",""nthDayOfMonth"":null}]",https://cagette.b-cdn.net/img/28b8b9e83dbf654f072078953d4b94ab.jpg,ferme de la virade,27 Route De La Double,24600,Vanxains,0.285834,45.212911
18431,La Ferme de Sabadel,2024-04-13 17:47:45,"[{""frequency"":""weekly"",""day"":4,""startTime"":""16h00"",""endTime"":""21h00"",""nthDayOfMonth"":null},{""frequency"":""weekly"",""day"":1,""startTime"":""7h00"",""endTime"":""22h00"",""nthDayOfMonth"":null}]",https://cagette.b-cdn.net/img/5b7c639a91a846d7aca169ba453ce21a.jpg,Gîte Ferme de Sabadel,8 Chemin De Sabadel,43700,Saint-Germain-Laprade,4.035784,45.019176
18439,Les paniers des Jardins de la bel' Aventure,2024-04-16 13:30:02,"[{""day"":6,""startTime"":""11h00"",""endTime"":""12h00"",""frequency"":""biweekly"",""nthDayOfMonth"":null}]",https://cagette.b-cdn.net/img/les-paniers-en-folie-cirey_161ee7ae9b7134f9fad626ad6a53435b.webp,Les Jardins de la bel' Aventure,87 Rue Joffre,54480,Cirey-sur-Vezouze,6.944243,48.578413
18478,La Cagette d'Isle&Co,2018-01-14 21:23:59,"[{""day"":2,""startTime"":""16h30"",""endTime"":""18h30"",""frequency"":""weekly"",""nthDayOfMonth"":null}]",https://cagette.b-cdn.net/img/7e81865a9eba6254123b24ecc55b1226.jpg,Local d'IsleCo - Ancienne école maternelle,6 Rue Des Granges,24190,Douzillac,0.414021,45.085396
18485,Roule Poulette aux Jardins du Bois Joly,2024-05-04 08:41:42,"[{""day"":4,""startTime"":""10h00"",""endTime"":""12h30"",""frequency"":""monthly"",""nthDayOfMonth"":2}]",https://cagette.b-cdn.net/img/a35999bf262dc2df799efedff0deb8db.jpg,Les Jardins du Bois Joly,16 Rue Johannes Gutenberg,85500,Les Herbiers,-1.044911,46.853988
18498,Paniers du lundi,2024-05-16 12:52:50,"[{""day"":1,""startTime"":""15h00"",""endTime"":""16h30"",""frequency"":""weekly"",""nthDayOfMonth"":null},{""day"":1,""startTime"":""16h00"",""endTime"":""17h30"",""frequency"":""weekly"",""nthDayOfMonth"":null}]",https://cagette.b-cdn.net/img/b6f81e4615326d3ce39cdb9725869568.png,Jardins du basilic,"","",Saint-Père,3.765879,47.461322
18510,Paniers du Vendredi Soir,2024-05-22 18:21:16,"[{""day"":5,""startTime"":""17h00"",""endTime"":""20h00"",""frequency"":""weekly"",""nthDayOfMonth"":null}]",https://cagette.b-cdn.net/img/c78206d5b731d9d02254e0f35ec88a10.png,La Fermette de Magneux,148 Impasse De Magneux,42260,Vézelin-sur-Loire,4.036464,45.85957
18515,La cagette du fournil de Lescale,2024-05-27 19:52:59,"[{""frequency"":""weekly"",""day"":3,""startTime"":""17h30"",""endTime"":""19h00"",""nthDayOfMonth"":null},{""frequency"":""weekly"",""day"":5,""startTime"":""17h30"",""endTime"":""19h00"",""nthDayOfMonth"":null}]",https://cagette.b-cdn.net/img/f47271727d7f64f36151aba424341fa8.jpg,,805 chemin de Siram,33430,Bazas,-0.21909211826064734,44.45644971972288
18533,La Cagette du CE de Baker Hughes - Lufkin à  Fougerolles,2024-06-02 16:48:23,"[{""day"":2,""startTime"":""16h30"",""endTime"":""19h00"",""frequency"":""weekly"",""nthDayOfMonth"":null}]",https://cagette.b-cdn.net/img/23fca238c0d708c40aca72d7b5b6f302.png,CE Baker Hugues,48 Rue De Luxeuil,70220,Fougerolles,6.394331,47.880739
18550,Marché Marceau samedi,2024-06-09 12:12:12,"[{""day"":6,""startTime"":""8h00"",""endTime"":""13h00"",""frequency"":""weekly""}]",https://cagette.b-cdn.net/img/7347790dd5f3488f97c7f58df97a79d4.jpg,Place Marceau,Place Marceau,87100,Limoges,1.259759,45.84002
18567,La cagette de Babayaga,2024-06-18 21:13:50,"[{""day"":3,""startTime"":""17h30"",""endTime"":""18h00"",""frequency"":""weekly"",""nthDayOfMonth"":null},{""day"":3,""startTime"":""17h30"",""endTime"":""18h01"",""frequency"":""weekly"",""nthDayOfMonth"":null}]",https://cagette.b-cdn.net/img/276e4c10ff04c765a5dc27181db6b337.jpg,Babayaga,5 Rue De La République,03140,Chantelle,3.153596,46.237183
18574,La cagette de Bellenaves,2024-06-20 19:52:07,"[{""day"":3,""startTime"":""17h00"",""endTime"":""17h15"",""frequency"":""weekly"",""nthDayOfMonth"":null}]",https://cagette.b-cdn.net/img/e52a7d0df23537d88cfeb39ae1a86159.jpg,Le Bon Plan,Rue Bertin,03330,Bellenaves,3.079121,46.199057
18575,Vente directe à  la ferme des Bruyères,2024-06-21 11:26:49,"[{""day"":5,""startTime"":""17h00"",""endTime"":""19h30"",""frequency"":""weekly"",""nthDayOfMonth"":null},{""day"":2,""startTime"":""17h00"",""endTime"":""19h30"",""frequency"":""weekly"",""nthDayOfMonth"":null}]",https://cagette.b-cdn.net/img/f20a99ad5a5c2331f679cb69ad2ff96c.png,Ferme des Bruyères,1 Chemin Des Bruyères,33124,Aillas,-0.117056,44.464844
18576,Brion mon village d'avenir,2024-06-22 06:22:58,"[{""day"":3,""startTime"":""18h00"",""endTime"":""19h00"",""frequency"":""weekly"",""nthDayOfMonth"":null}]",https://cagette.b-cdn.net/img/7855f16fd228e0d234e5e0c2fba22ab3.png,Place de la mairie Brion,"","",Brion,5.553499,46.17087
18596,la cagette du vendredi au bout du chemin,2024-07-01 16:57:21,"[{""day"":5,""startTime"":""17h30"",""endTime"":""19h00"",""frequency"":""weekly"",""nthDayOfMonth"":null}]",https://cagette.b-cdn.net/img/991af52a9ee03969a1f8a8a31936b1b5.jpg,le jardin du bout du chemin,29 Chemin Des Prés,85160,Saint-Jean-de-Monts,-2.024168,46.810651
18607,AMAP Les Jardins de Gaston,2024-07-09 21:41:25,"[{""day"":1,""startTime"":""18h15"",""endTime"":""19h15"",""frequency"":""biweekly""}]",https://cagette.b-cdn.net/img/65e58f45113597acff2c232c150bb6b6.jpg,Espace Jean Jaurès,3 avenue de la Paix,54510,Tomblaine,6.211352,48.688191
18612,La Cagette de la ferme de la vie,2024-07-11 12:04:59,"[{""day"":6,""frequency"":""weekly"",""startTime"":""11h00"",""endTime"":""12h00"",""nthDayOfMonth"":null}]",https://cagette.b-cdn.net/img/a84e07099ad444129e92b6ac2fef959a.jpg,La Ferme de la vie,82 Chemin Le Grand Cucal,47470,Dondas,0.842566,44.232553
18628, Les Gourmandises de Marguerite,2024-07-26 08:44:14,"[{""day"":6,""startTime"":""10h30"",""endTime"":""12h30"",""frequency"":""weekly"",""nthDayOfMonth"":null},{""day"":3,""startTime"":""17h00"",""endTime"":""19h00"",""frequency"":""weekly"",""nthDayOfMonth"":null},{""day"":5,""startTime"":""17h00"",""endTime"":""19h00"",""frequency"":""weekly"",""nthDayOfMonth"":null}]",https://cagette.b-cdn.net/img/8302a6f39534b9dd4b3eb4e768cbe41a.png,la savinière,"","",La Remaudière,-1.243517,47.237602
18637,La cagette du Fousseret,2024-08-04 08:03:37,"[{""day"":5,""frequency"":""weekly"",""startTime"":""17h30"",""endTime"":""19h00"",""nthDayOfMonth"":null}]",https://cagette.b-cdn.net/img/53c7d4f1cc329e9333176700ee02ba6d.jpg,Médiathèque du Fousseret,4 Rue Notre-Dame,31430,Le Fousseret,1.06566,43.28188
18647,Le Marché du vendredi Labastide st Pierre,2024-08-19 14:34:28,"[{""frequency"":""weekly"",""day"":5,""startTime"":""17h00"",""endTime"":""18h30"",""nthDayOfMonth"":null}]",https://cagette.b-cdn.net/img/le-march-du-vendredi-labastide-st-pierre_8224f76b3af7874a20a676e532a8df4b.webp,Château de Belaygues,1755 Chemin De Bonneval,82370,Labastide-Saint-Pierre,1.32688,43.92161
18671,Les MéliCo à  Péchaudier ,2024-08-29 17:19:13,"[{""frequency"":""weekly"",""day"":3,""startTime"":""17h30"",""endTime"":""19h00"",""nthDayOfMonth"":null}]",https://cagette.b-cdn.net/img/b2961e72d93ef63f60c6fb5414c352b4.png,Les MéliCo ,1 Chemin De Saint-Sernin,81470,Péchaudier,1.962013,43.553288
18706,A la ferme,2024-09-22 10:41:09,"[{""frequency"":""weekly"",""day"":2,""startTime"":""17h00"",""endTime"":""19h00"",""nthDayOfMonth"":null},{""frequency"":""weekly"",""day"":5,""startTime"":""17h00"",""endTime"":""19h00"",""nthDayOfMonth"":null}]",https://cagette.b-cdn.net/img/5fa262ae3d3a71735c54714b3efc68d8.png,les jardins de Longecourt,"","",Longecourt-lès-Culêtre,4.553273,47.159378
18709,La cagette de Castelnau-Picampeau,2024-09-23 14:18:51,"[{""day"":6,""startTime"":""10h00"",""endTime"":""12h00"",""frequency"":""weekly"",""nthDayOfMonth"":null}]",https://cagette.b-cdn.net/img/2e1c4de107b8c9f029a80f45cd0244d2.jpg,Ferme à” Biquettes de Picampô ,423 Route De Gratens,31430,Castelnau-Picampeau,1.02213,43.30534
18716,La cagette de la ferme des Jonquilles,2023-07-03 14:37:18,"[{""frequency"":""weekly"",""day"":2,""startTime"":""17h00"",""endTime"":""19h00"",""nthDayOfMonth"":null}]",https://cagette.b-cdn.net/img/372947b964b23847bba3607ae120ab4c.jpg,La Ferme des Jonquilles,La Mitonnière Nord,85260,L'Herbergement,-1.384965,46.892339
18723,"Paniers bio ""FLUX""",2024-10-01 20:03:28,"[{""day"":2,""startTime"":""17h00"",""endTime"":""19h00"",""frequency"":""weekly""}]",https://cagette.b-cdn.net/img/3b67e43120b793591add2cbf17f6c614.jpg,Flux,3 Rue Du Cosquer,29000,Quimper,-4.110541,48.001034
18790,Biocoop des Allobroges - ROMANS,2024-11-12 19:38:27,"[{""day"":3,""startTime"":""9h00"",""endTime"":""19h00"",""frequency"":""weekly""}]",https://cagette.b-cdn.net/img/f965760bec4b9ef59db6485e6805e59a.png,Biocoop des Allobroges ,5 Avenue Des Allobroges,26100,Romans-sur-Isère,5.080612,45.051115
18791,AMAP du Bon Coing,2024-11-13 20:07:41,"[{""day"":2,""startTime"":""18h30"",""endTime"":""19h30"",""frequency"":""biweekly""}]",https://cagette.b-cdn.net/img/c40b1d67598b907c721fd06b331dfd7c.jpg,Salle Mouilleron,129 Rue Gabriel Mouilleron,54000,Nancy,6.170729,48.683844
18807,Paniers du Lundi Soir,2024-11-21 11:04:52,"[{""day"":1,""startTime"":""17h00"",""endTime"":""20h00"",""frequency"":""weekly"",""nthDayOfMonth"":null}]",https://cagette.b-cdn.net/img/19ef57e1ad4e8255c8d8cb4c54764df5.png,"",148 Impasse De Magneux,42260,Vézelin-sur-Loire,4.036464,45.85957
18819,La Cagette de Buisson,2024-11-30 19:56:32,"[{""day"":2,""frequency"":""weekly"",""startTime"":""16h00"",""endTime"":""19h00"",""nthDayOfMonth"":null}]",https://cagette.b-cdn.net/img/25521078fc37f2a879789d9e1a0e1b8b.png,Grange du Chambouleg,2944 Route de Vaison la Romaine,84110,Buisson,5.016603176886036,44.268311924901894
18823,La cagette de Bais,2024-12-03 15:36:46,"[{""day"":6,""startTime"":""10h30"",""endTime"":""12h00"",""frequency"":""weekly""}]",https://cagette.b-cdn.net/img/e88dbd0d196dc7b0a7838c4abd6cc92b.jpg,"Le grand pâtis de godeloup,35680 Bais ",957 C 4,35370,Bais,-1.295307,48.050501
18850,La cagette de Villers-Bocage,2024-12-22 10:10:48,"[{""day"":4,""startTime"":""17h45"",""endTime"":""19h00"",""frequency"":""weekly"",""nthDayOfMonth"":null}]",https://cagette.b-cdn.net/img/6aec1e13d2322d31f45bca61d4bc10fc.png,D'la Goule et à  Tantot,9 Route De Caen,14310,Villers-Bocage,-0.644592,49.083666
18879,"Marché de Sainte Marguerite, Comines ",2025-01-14 09:47:09,"[{""frequency"":""weekly"",""day"":5,""startTime"":""17h45"",""endTime"":""19h00"",""nthDayOfMonth"":null}]",https://cagette.b-cdn.net/img/la-cagette-de-coffee-and-co-comines_44fd90f23187089e2ccf9fbbc0386046.webp,"Marché de sainte marguerite, place de l'église ",85 Rue de Lille,59560,Comines,3.01327,50.740145
18892,La Cagette de Séguret - Les Granges Neuves,2025-01-21 19:11:44,"[{""frequency"":""weekly"",""day"":2,""startTime"":""17h30"",""endTime"":""18h30"",""nthDayOfMonth"":null}]",https://cagette.b-cdn.net/img/153e1178fb263ba6cee215add27fa7a9.png,Domaine Jean David,119c Chemin Des Granges Neuves,84110,Séguret,5.002547,44.222858
18900,Vente à  la ferme,2025-01-29 17:04:18,"[{""day"":3,""frequency"":""weekly"",""startTime"":""16h00"",""endTime"":""18h00"",""nthDayOfMonth"":null},{""day"":5,""startTime"":""14h00"",""endTime"":""19h00"",""frequency"":""weekly"",""nthDayOfMonth"":null}]",https://cagette.b-cdn.net/img/20560cc02dc1d3bea61fcc269b1c68cf.jpg,la grange du rupt,"","",Pont-sur-l'Ognon,6.387233,47.521103
18901,Marché Vesoul,2025-01-29 17:37:21,"[{""day"":4,""startTime"":""8h00"",""endTime"":""12h00"",""frequency"":""weekly"",""nthDayOfMonth"":null},{""day"":6,""startTime"":""8h00"",""endTime"":""12h00"",""frequency"":""weekly"",""nthDayOfMonth"":null}]",https://cagette.b-cdn.net/img/4dd85d4bad6c749af1bd9de2eba909a6.png,Halle de Vesoul,Place Pierre Renet,70000,Vesoul,6.159608,47.620973
18902,La Cagette de Castets en Dorthe,2025-01-30 07:03:13,"[{""day"":3,""startTime"":""17h30"",""endTime"":""19h00"",""frequency"":""weekly"",""nthDayOfMonth"":null}]",https://cagette.b-cdn.net/img/ba602e4c80f67440f002594d3abb7cea.jpg,Ebénisterie Thomas Canesson,67 Rue Grossolle,33210,Castets et Castillon,-0.1551595645748023,44.56139888909459
18907,La cagette du Marché U à  Le Val d'Ajol,2025-02-02 15:41:34,"[{""day"":2,""startTime"":""17h00"",""endTime"":""19h00"",""frequency"":""weekly"",""nthDayOfMonth"":null},{""day"":5,""startTime"":""17h00"",""endTime"":""19h00"",""frequency"":""weekly"",""nthDayOfMonth"":null}]",https://cagette.b-cdn.net/img/5f29a2f38d2ec50a4588bb165275f17b.jpg,U Express,2 Rue Des Halles,88340,Le Val-d'Ajol,6.483966,47.92577
18910,Roule Poulette au Jardins de l'Yprésis,2025-02-03 13:56:24,"[{""frequency"":""monthly"",""day"":4,""startTime"":""16h00"",""endTime"":""19h00"",""nthDayOfMonth"":2}]",https://cagette.b-cdn.net/img/1f1b13b599268f7f77731d18b20a796f.jpg,Les Jardins de l'Yprésis,Rue De L'ypresis,85590,Saint-Mars-la-Réorthe,-0.927079,46.867235
18913,Lou Païsan Valen,2025-02-05 12:03:47,"[{""day"":5,""frequency"":""weekly"",""startTime"":""9h00"",""endTime"":""18h00"",""nthDayOfMonth"":null}]",https://cagette.b-cdn.net/img/8c81026d6aaa428a156aa741f5634d6b.png,Lou Païsan Valen,15 Place Gambetta,83143,Le Val,6.073354,43.439503
18922,à  la Lampisterie - Pains&Gourmandises ,2025-02-15 17:01:04,"[{""day"":5,""startTime"":""18h00"",""endTime"":""19h00"",""frequency"":""weekly"",""nthDayOfMonth"":null}]",https://cagette.b-cdn.net/img/9f285e1b806c371f0152167c413b6a08.jpg,La Lampisterie,150 Chemin De Champagne,21410,Gissey-sur-Ouche,4.781163,47.26842
18939,La Cagette de Villedieu,2025-02-24 13:24:21,"[{""day"":2,""frequency"":""weekly"",""startTime"":""16h00"",""endTime"":""18h00"",""nthDayOfMonth"":null}]",https://cagette.b-cdn.net/img/d6a05cf2f02d44ad170274ca59227e66.png,Epicerie 'Au plus près',Place Yves Tardieu,84110,Villedieu,5.033803,44.283707
18960,Le Potager de la Grande Ourse - drive fermier,2025-03-05 10:27:22,"[{""frequency"":""weekly"",""day"":5,""startTime"":""15h45"",""endTime"":""20h00"",""nthDayOfMonth"":null}]",https://cagette.b-cdn.net/img/le-potager-de-la-grande-ourse-drive-fermier_77282473b5962a05d7f43d39fd5242ec.webp,Le potager de la grande ourse,300 Rue Des Peupliers,59700,Marcq-en-Barœul,3.10079,50.690636
18964,Ça mijote !,2025-03-07 18:50:16,"[{""day"":5,""startTime"":""18h00"",""endTime"":""19h30"",""frequency"":""weekly"",""nthDayOfMonth"":null}]",https://cagette.b-cdn.net/img/286fbcb968fc0350e1d879ce4d63f7de.png,Ça mijote !,30 Rue De La Mairie,87380,Glanges,1.453539,45.669969
18975,AMAP Phacélie,2025-03-12 19:53:54,"[{""day"":5,""startTime"":""18h00"",""endTime"":""19h00"",""frequency"":""biweekly""}]",https://cagette.b-cdn.net/img/a9d45668dd55f9975cc85332ee153864.png,Salle Albert Schweitzer,125 Rue Marie Marvingt,54710,Ludres,6.166568,48.61932
18994,La cagette de Saint-Elix-le-Château,2025-03-19 17:56:29,"[{""frequency"":""biweekly"",""day"":2,""startTime"":""19h00"",""endTime"":""19h15"",""nthDayOfMonth"":null}]",https://cagette.b-cdn.net/img/fa19a6a0b8e6a049d3d2fa933abba397.png,Devant l épicerie,3 Les Allées,31430,Saint-Élix-le-Château,1.13713,43.280994
19016,La cagette de St Vincent de Connezac,2025-04-01 09:22:42,"[{""day"":2,""frequency"":""weekly"",""startTime"":""17h30"",""endTime"":""18h30"",""nthDayOfMonth"":null}]",https://cagette.b-cdn.net/img/8a3ba94f0957768ede97b293e03464e1.jpg,parking de la place Dodin,1 Place Jacques Dodin,24190,Saint-Vincent-de-Connezac,0.3963705271866047,45.164721741682115
19018,ENDOUFIELLE - volailles fermières bio,2025-04-01 17:41:47,"[{""day"":4,""startTime"":""10h00"",""endTime"":""10h30"",""frequency"":""biweekly""}]",https://cagette.b-cdn.net/img/b8b9f2369415c31c097ad95614bf1b3a.jpg,"",Place De La Mairie,32600,Endoufielle,1.02292,43.550895
19047,Boîte à  pains à  la Ferme Lopin au levain,2025-04-14 07:39:35,"[{""day"":2,""startTime"":""17h00"",""endTime"":""19h00"",""frequency"":""weekly""},{""day"":6,""startTime"":""8h00"",""endTime"":""12h00"",""frequency"":""weekly"",""nthDayOfMonth"":null}]",https://cagette.b-cdn.net/img/af68ee4c81a482a6584d4ed6319707e7.png,Ferme Lopin au levain,101 Route De La Chaume,88340,Le Val-d'Ajol,6.490633,47.906829
19048,Marché de Luxeuil: Ferme Lopin au levain,2025-04-14 08:24:47,"[{""day"":6,""startTime"":""8h00"",""endTime"":""12h00"",""frequency"":""weekly""}]",https://cagette.b-cdn.net/img/e7af8020463a21cd50aea870e7f33b5c.png,Marché de Luxeuil - Place de la Mairie,14 Place Saint-Pierre,70300,Luxeuil-les-Bains,6.38125452542522,47.81695354210888
19056,Ô Bons Vivres - Marché de Commenailles,2025-04-15 15:10:18,"[{""day"":6,""startTime"":""8h30"",""endTime"":""10h00"",""frequency"":""weekly"",""nthDayOfMonth"":null}]",https://cagette.b-cdn.net/img/a40c8301ea4261c30c4c499c513d23b6.png,Parking des commerces,60 Rue Des Combes,39140,Commenailles,5.451741173820267,46.8020671170992
19063,Ô Bons Vivres - Vente à  la Ferme,2025-04-21 09:52:54,"[{""frequency"":""weekly"",""day"":3,""startTime"":""17h30"",""endTime"":""19h30"",""nthDayOfMonth"":null}]",https://cagette.b-cdn.net/img/1bf95d10d4a408adfcf33282ab3ed6f3.png,Ferme Ô Bons Vivres,336 Rue Des Montarlots,39140,Chapelle-Voland,5.422126,46.780889
19068,Crocmagnon - Blangy et alentours,2025-04-23 13:21:08,"[{""frequency"":""weekly"",""day"":5,""startTime"":""16h30"",""endTime"":""19h00"",""nthDayOfMonth"":null}]",https://cagette.b-cdn.net/img/c294b42827efddffd44da81cb1da57fe.png,Crocmagnon,68 Rue D'hesdin,62770,Blangy-sur-Ternoise,2.163905,50.417094
19070,GIMONT-volailles fermières bio,2025-04-25 10:33:20,"[{""day"":5,""startTime"":""16h00"",""endTime"":""17h00"",""frequency"":""biweekly""}]",https://cagette.b-cdn.net/img/6e600710a9fb9e144b2a26114318317f.jpg,halle au gras,Place Du Marché Au Gras,32200,Gimont,0.8780251754465098,43.62748300209961
19088,Cagette Maison du Marais,2025-05-03 08:45:38,"[{""day"":2,""startTime"":""17h00"",""endTime"":""17h30"",""frequency"":""weekly"",""nthDayOfMonth"":null}]",https://cagette.b-cdn.net/img/b144d42a74dc170523e59951e6b171b3.jpg,"",99 Avenue Du Maréchal Joffre,62500,Saint-Martin-lez-Tatinghem,2.2483098940596733,50.75553436925185
19101,La cagette de Montréal la Cluse,2025-05-06 19:10:02,"[{""frequency"":""weekly"",""day"":2,""startTime"":""9h30"",""endTime"":""19h30"",""nthDayOfMonth"":null}]",https://cagette.b-cdn.net/img/eca368ee44dc4992ab680462311587f1.png,Tire bouchon,15 Avenue De Bresse,01460,Montréal-la-Cluse,5.574474,46.171279
19132,"""Les demains dans la terre"" - Egat",2025-05-20 14:49:08,"[{""day"":6,""startTime"":""15h00"",""endTime"":""18h00"",""frequency"":""biweekly"",""nthDayOfMonth"":null}]",https://cagette.b-cdn.net/img/f579d2b64719c0373fa3768ceceb6a9d.jpg,l'Ile récréative,6 Rue De Las Devesses,66120,Égat,2.014045170200262,42.49987928886014
19139,"""Les demains dans la terre"" - Eyne",2025-05-26 07:04:38,"[{""day"":6,""startTime"":""16h30"",""endTime"":""18h00"",""frequency"":""biweekly""}]",https://cagette.b-cdn.net/img/594ff1441beee06be5152eef8c23d593.jpg,La miellerie du Cambre,D 33,66800,Eyne,2.0831291012738973,42.47583188445665
19141,La Cagette de La placette,2025-05-27 09:15:34,"[{""day"":5,""startTime"":""18h00"",""endTime"":""19h00"",""frequency"":""weekly"",""nthDayOfMonth"":null}]",https://cagette.b-cdn.net/img/189c14f310e01b7f60ff972f6e1cee38.jpg,La Placette,51 Grand Rue,84340,Malaucène,5.132327,44.173764
19146,Délices paysans,2025-05-30 12:15:11,"[{""day"":5,""startTime"":""16h00"",""endTime"":""20h00"",""frequency"":""monthly"",""nthDayOfMonth"":2}]",https://cagette.b-cdn.net/img/7f0d896640070070e6784a96aada47b4.jpg,Ferme de la Rabinière,265 La Rabinière,37600,Betz-le-Château,0.9609811748157995,46.98957802538487
19147,Les Jardins d'Enguillot,2025-05-30 15:40:04,"[{""day"":3,""frequency"":""weekly"",""startTime"":""10h00"",""endTime"":""12h00"",""nthDayOfMonth"":null},{""day"":5,""frequency"":""weekly"",""startTime"":""10h00"",""endTime"":""12h00"",""nthDayOfMonth"":null},{""day"":6,""frequency"":""weekly"",""startTime"":""10h00"",""endTime"":""12h00"",""nthDayOfMonth"":null}]",https://cagette.b-cdn.net/img/d0e755701b4a5e43ba2cd781240e79db.jpg,Les Jardins d'Enguillot,31 La Mataline,31480,Puysségur,1.0860806180813256,43.740486930209954
19156,La Cagette de la Démaillère,2025-06-01 09:05:03,"[{""frequency"":""weekly"",""day"":3,""startTime"":""16h00"",""endTime"":""20h00"",""nthDayOfMonth"":null}]",https://cagette.b-cdn.net/img/442c88e780ae0d7f801440fea193fa89.png,La Démaillère,Rue De Monçay,45740,Lailly-en-Val,1.7011270791556399,47.76034073486596
19157,La Cybouclette - Collonges-au-Mont-d'Or,2025-06-01 15:45:53,"[{""day"":2,""startTime"":""16h00"",""endTime"":""19h00"",""frequency"":""weekly"",""nthDayOfMonth"":null}]",https://cagette.b-cdn.net/img/a232d1d0f452055b9b05c0f579051422.png,"",12 Chemin De Moyrand,69660,Collonges-au-Mont-d'Or,4.837803,45.829605
19161,Drive de La Ferme de Charlotte et Barth,2025-06-01 18:45:03,"[{""frequency"":""weekly"",""day"":1,""startTime"":""17h00"",""endTime"":""0h00"",""nthDayOfMonth"":null}]",https://cagette.b-cdn.net/img/drive-de-la-ferme-de-charlotte-et-barth_1cecbd09edfb4f0b7f30fd722df9bc5f.webp,Lieu-dit la Bergerie,D 971,50500,Carentan,-1.2645633860643386,49.28597398530971
19174,Epicerie Associative Articho'loko,2025-06-10 14:56:28,"[{""day"":3,""startTime"":""16h00"",""endTime"":""19h00"",""frequency"":""weekly""}]",https://cagette.b-cdn.net/img/d4d7801182b033deaa86ab79e96aac47.png,Epicerie Associative Articholoko,20 Route Du Fay,71270,Authumes,5.314397,46.886865
19176,La ferme de l'Epaulle - Epicerie locale,2025-06-12 08:19:46,"[{""day"":6,""startTime"":""9h30"",""endTime"":""12h30"",""frequency"":""weekly"",""nthDayOfMonth"":null}]",https://cagette.b-cdn.net/img/3bd7e600161f5f3933db10d04844d3a2.jpg,Ferme de l'Epaulle - Epicerie locale,6 Rue De Sains,62140,Fressin,2.067826,50.459472
19179,🍄‍🟫 L'Atelier des Champignons - Paysans du Vignoble,2025-06-13 14:09:37,"[{""frequency"":""weekly"",""day"":5,""startTime"":""17h00"",""endTime"":""19h00"",""nthDayOfMonth"":null},{""frequency"":""weekly"",""day"":2,""startTime"":""17h00"",""endTime"":""19h00"",""nthDayOfMonth"":null}]",https://cagette.b-cdn.net/img/f8dae973b920792e2f09187f5d0936f0.jpg,Atelier des champignons, La Vigne au Chien,49230,Tillieres,-1.1751426334227233,47.14418289598123
19180,Le Noir du Picou -Saverdun,2025-06-14 04:32:46,"[{""day"":5,""startTime"":""10h00"",""endTime"":""11h30"",""frequency"":""monthly""},{""day"":5,""startTime"":""10h00"",""endTime"":""11h29"",""frequency"":""monthly"",""nthDayOfMonth"":4},{""day"":5,""startTime"":""10h00"",""endTime"":""11h00"",""frequency"":""monthly"",""nthDayOfMonth"":4}]",https://cagette.b-cdn.net/img/b798a58dca4fcccc205949bcb3aafc78.jpg,Intermarché de Saverdun,D 820,31550,Saverdun,1.5642864237550782,43.252329716963374
19182,La Cagette au Broc'Art Bar à  Plombières du vendredi soir,2025-06-16 14:27:52,"[{""day"":5,""startTime"":""17h30"",""endTime"":""19h00"",""frequency"":""weekly""}]",https://cagette.b-cdn.net/img/929347ee20b67a537648c345d93d3665.png,Broc'Art Bar,4 Rue Grillot,88370,Plombières-les-Bains,6.463080911852472,47.96631158985727
19186,Le panier de l'Ecureuil,2025-06-20 17:41:12,"[{""day"":5,""startTime"":""18h00"",""endTime"":""19h00"",""frequency"":""biweekly"",""nthDayOfMonth"":null}]",https://cagette.b-cdn.net/img/c71c6b7fc797e1cadc481988c9d3538f.png,ANCIENNE GARE,Rue De La Gare,33650,Cabanac-et-Villagrains,-0.555154,44.607311
19191,La Ferme des Peupliers Noirs,2025-06-25 06:27:19,"[{""day"":4,""frequency"":""weekly"",""startTime"":""18h00"",""endTime"":""19h00"",""nthDayOfMonth"":null}]",https://cagette.b-cdn.net/img/6357eef7dc83d89d5e65c6598a13c2af.png,Chemin de Noires,417 Chemin De Noires,82220,Vazerac,1.245538,44.202797
19193,Tulle - La ferme de Willy et Marion - Boeuf Bio,2025-06-26 07:59:24,"[{""day"":2,""startTime"":""15h15"",""endTime"":""15h45"",""frequency"":""adHoc""}]",https://cagette.b-cdn.net/img/3108e1a36cb4e502c176bb813b0a4eb5.png,Lycée pro Cassin,51 Boulevard De La Lunade,19000,Tulle,1.785625,45.267858
19195,Brasserie La Danse de l'Ours,2025-06-30 13:01:23,"[{""day"":5,""frequency"":""weekly"",""startTime"":""16h30"",""endTime"":""18h30"",""nthDayOfMonth"":null},{""day"":4,""startTime"":""16h30"",""endTime"":""18h30"",""frequency"":""weekly"",""nthDayOfMonth"":null}]",https://cagette.b-cdn.net/img/6a14b7d81c857508da9fe9ab62fd7b67.jpg,101 La Plouzière 85310 RIVES DE L'YON (Chaillé-sous-les-Ormeau,101 La Plouzière,85310,Rives de l'Yon,-1.366238123708456,46.56114305884202
19201,Les jeudis à  BIO LA DAMOTTE,2025-07-02 19:58:29,"[{""day"":4,""startTime"":""10h00"",""endTime"":""19h00"",""frequency"":""weekly""}]",https://cagette.b-cdn.net/img/6c653efadc6659a625a54760dbe0386f.png,Bio La Damotte,1 Route D'auroy,70280,La Bruyère,6.4558400912268326,47.79837445523822
19204,La cagette des Jardins de Kerhardic ,2025-07-04 16:07:59,"[{""day"":3,""startTime"":""16h00"",""endTime"":""20h00"",""frequency"":""weekly"",""nthDayOfMonth"":null}]",https://cagette.b-cdn.net/img/396b6a3f0417272d5ccb39ba7da4671a.png,Les Jardins de Kerhardic,3 Kerhardic,29970,Trégourez,-3.892731,48.086398
19211,La Cybouclette - Fromagerie,2025-07-07 15:25:34,"[{""day"":5,""startTime"":""15h30"",""endTime"":""19h30"",""frequency"":""weekly""}]",https://cagette.b-cdn.net/img/b9dc7be7ae98c3c226f4a7ccc15a6659.png,Les caves de la biquette,Rue De Trêves Pâques,69660,Collonges-au-Mont-d'Or,4.840715,45.816717
19212,LES TRESORS DE LNA'TURE,2025-07-10 06:45:34,"[{""day"":5,""startTime"":""17h30"",""endTime"":""19h30"",""frequency"":""weekly""}]",https://cagette.b-cdn.net/img/les-tresors-de-lna-ture_9a1fa92e2c562d345013c5b0f8eb0262.webp,"",12 Rue du Hamel,80800,Vaire-sous-Corbie,2.547544,49.914035
19223,La Ferme des Trois Vallées,2025-07-23 04:06:39,"[{""day"":6,""frequency"":""weekly"",""startTime"":""9h00"",""endTime"":""12h00"",""nthDayOfMonth"":null},{""day"":3,""frequency"":""weekly"",""startTime"":""9h00"",""endTime"":""12h00"",""nthDayOfMonth"":null},{""day"":2,""startTime"":""16h00"",""endTime"":""18h00"",""frequency"":""weekly"",""nthDayOfMonth"":null}]",https://cagette.b-cdn.net/img/153686659239dbd8d39c94957ee3bf10.png,La Ferme des Trois Vallées,5 Route Nationale 202,06670,La Roquette-sur-Var,7.194309177561166,43.835635741548
19227,La Roybonnerie,2025-07-26 05:29:16,"[{""frequency"":""weekly"",""day"":2,""startTime"":""17h30"",""endTime"":""19h00"",""nthDayOfMonth"":null}]",https://cagette.b-cdn.net/img/8b8ad806b9d92d97e269c5c4f6400023.jpg,Gaec La Roybonnerie,500 Impasse De La Dupré,38940,Roybon,5.265495,45.25459
19229,La Roybonnerie - Vinay,2025-07-28 15:11:25,"[{""day"":2,""frequency"":""weekly"",""startTime"":""19h30"",""endTime"":""22h30"",""nthDayOfMonth"":null}]",https://cagette.b-cdn.net/img/c9029242c1022019a5f8dc755e829806.jpg,Gymnase,31 Avenue Joseph Chassigneux,38470,Vinay,5.406795886715457,45.20886888438238
19231,Boulangerie Drive HUGO à  BAZAS,2025-07-29 16:27:56,"[{""day"":4,""startTime"":""17h00"",""endTime"":""18h30"",""frequency"":""weekly"",""nthDayOfMonth"":null}]",https://cagette.b-cdn.net/img/a763ba840a797236e75e8d960eba105b.jpg,Boulangerie HUGO,54 Chemin De Ladils,33430,Bazas,-0.234962,44.443619
19233,Vente poules pondeuses Noirans,2025-07-30 14:44:29,"[{""day"":5,""frequency"":""weekly"",""startTime"":""9h00"",""endTime"":""12h00"",""nthDayOfMonth"":null}]",https://cagette.b-cdn.net/img/vente-poules-pondeuses-noirans_57839ef820aa6a870d2059cf22504d75.webp,EARL La Ferme du Patis,5 Le Moulin Du Patis,44116,Vieillevigne,-1.380042,46.996902
19258,Vente en ligne,2025-08-28 19:56:40,"[{""day"":2,""frequency"":""weekly"",""startTime"":""16h00"",""endTime"":""19h00"",""nthDayOfMonth"":null}]",https://cagette.b-cdn.net/img/vente-en-ligne_b1c2f0ebd7f79367019bdb4348c57939.webp,Ferme de l'herbier de Colette,74 Rue Machoit,88800,Mandres-sur-Vair,5.892823,48.223671
19260,Le fournil de La Pépinière,2025-08-31 10:47:21,"[{""frequency"":""weekly"",""day"":3,""startTime"":""17h00"",""endTime"":""20h00"",""nthDayOfMonth"":null},{""frequency"":""weekly"",""day"":4,""startTime"":""17h00"",""endTime"":""20h00"",""nthDayOfMonth"":null},{""frequency"":""adHoc"",""day"":2,""startTime"":""17h00"",""endTime"":""20h00"",""nthDayOfMonth"":null}]",https://cagette.b-cdn.net/img/le-fournil-de-la-p-pini-re_9696e767af13ef4c9f95e2dc2040155d.webp,La Pépinière,Rue Du Moutier,93300,Aubervilliers,2.380239,48.915009
19270,La cagette du Camping les pins ,2025-09-02 07:31:06,"[{""day"":2,""startTime"":""17h00"",""endTime"":""19h00"",""frequency"":""weekly""}]",https://cagette.b-cdn.net/img/bc97eb3eb4ad40a3e11a53f7f36ef0d9.png,Camping les Pins,31 Rue Des Creuses,88240,La Vôge-les-Bains,6.268724,48.008034
19275,MARDI au JARDIN à  Cazats,2025-09-03 16:14:43,"[{""day"":2,""startTime"":""11h00"",""endTime"":""18h00"",""frequency"":""weekly"",""nthDayOfMonth"":null}]",https://cagette.b-cdn.net/img/b8fc39ec9921d6dcbbde66eac9fa88f1.jpg,Jardin de la Marmitte Renversée,343 Impasse Peyroutet,33430,Cazats,-0.213702,44.466165
19285,Les p'tits producteurs au Burgaud,2025-09-08 19:49:47,"[{""day"":5,""frequency"":""weekly"",""startTime"":""18h00"",""endTime"":""19h00"",""nthDayOfMonth"":null}]",https://cagette.b-cdn.net/img/les-p-tits-producteurs-au-burgaud_66692db991ef2605a1b067b1e108b431.webp,Ferme de la Garenne,2105 Route de Beaupuy,31330,Le Burgaud,1.148362,43.807442
19289,La Cagette de la Ferme des Bretous ,2025-09-13 12:30:10,"[{""frequency"":""biweekly"",""day"":6,""startTime"":""10h00"",""endTime"":""12h00"",""nthDayOfMonth"":null}]",https://cagette.b-cdn.net/img/la-cagette-de-la-ferme-des-bretous_a6b29a4b6d6d504e26672133219ce875.webp,Ferme des Bretous,755 Chemin Des Bretous,82600,Mas-Grenier,1.172744,43.915893
19295,AMAP Prez' de chez nous - L'HERBIER DE COLETTE,2025-09-21 05:28:19,"[{""day"":3,""startTime"":""18h00"",""endTime"":""19h00"",""frequency"":""adHoc""}]",https://cagette.b-cdn.net/img/81028b302828d0af008aca4146dd99e6.jpg,Jardin du poirier 52700 Prez-sous-Lafauche,"","",Prez-sous-Lafauche,5.489839,48.28574
19297,Au Court Circuit ,2025-09-23 09:53:58,"[{""frequency"":""weekly"",""day"":5,""startTime"":""17h15"",""endTime"":""18h20"",""nthDayOfMonth"":null}]",https://cagette.b-cdn.net/img/22fe0629df6259a9998d25178822ceaf.png,L'Espace Eude-Maccagno,Place Aristide Briand,10400,Nogent-sur-Seine,3.501901,48.492912
19302,FERME Plumes et Pis,2025-09-25 12:55:25,"[{""day"":1,""frequency"":""weekly"",""startTime"":""17h00"",""endTime"":""19h00"",""nthDayOfMonth"":null},{""day"":4,""frequency"":""weekly"",""startTime"":""17h00"",""endTime"":""18h30"",""nthDayOfMonth"":null}]",https://cagette.b-cdn.net/img/7bb878181ab71ad396a2bfda7a0cdf73.jpg,Ferme Plumes et Pis,1201 Route De Montrigaud,38940,Montfalcon,5.160582,45.249804
19303,Au Loch'all : Paniers de légumes bio du Cordier,2025-09-25 13:29:33,"[{""day"":3,""startTime"":""16h30"",""endTime"":""19h00"",""frequency"":""weekly"",""nthDayOfMonth"":null}]",https://cagette.b-cdn.net/img/5c68afcd3d4dba10767db11d69a63a40.png,Epicerie Loch'all,24 Rue De La Vallée Du Loch,56390,Brandivy,-2.946246,47.774369
19304,Ferme de Locmaria : Paniers de légumes de la Ferme du Cordier,2025-09-25 14:05:01,"[{""day"":3,""startTime"":""17h00"",""endTime"":""19h00"",""frequency"":""weekly""}]",https://cagette.b-cdn.net/img/6ef3a606144a95feeb1c6f14d8743227.png,Ferme de Locmaria,28 Rue De Locmaria,56400,Plumergat,-2.945119,47.718428
19312,CSE LUFKIN FOUGEROLLES,2025-09-29 16:52:23,"[{""day"":4,""frequency"":""weekly"",""startTime"":""16h00"",""endTime"":""16h45"",""nthDayOfMonth"":null}]",https://cagette.b-cdn.net/img/e06c71cdd3236c161a5dc319cd3dfe93.png,LUFKIN,48 Rue De Luxeuil,70220,Fougerolles,6.394331,47.880739
19339,Marché de Bouchaud,2025-10-14 09:19:36,"[{""day"":2,""startTime"":""18h00"",""endTime"":""19h45"",""frequency"":""weekly"",""nthDayOfMonth"":null}]",https://cagette.b-cdn.net/img/Commande_marche_de_bouchaud_27c78716263fb654b5d70b799694637f.webp,BOIS BOUCHAUD CROIX ROUGE,21 Rue Bouchaud,44100,Nantes,-1.5797650248951243,47.21728248609011
19340,Marché du Petit Chantilly,2025-10-14 09:51:25,"[{""day"":5,""startTime"":""16h00"",""endTime"":""19h30"",""frequency"":""weekly"",""nthDayOfMonth"":null}]",https://cagette.b-cdn.net/img/Commande_marche_du_petit_chantilly_c83f08c8fb1f9e9e2912159822956a35.webp,MARCHé DU PETIT CHANTILLY,Rue De Kindia,44700,Orvault,-1.595684948540793,47.25245236717723
19341,Marché de Saint Joseph de  Porterie,2025-10-14 10:47:07,"[{""day"":6,""startTime"":""8h00"",""endTime"":""13h00"",""frequency"":""weekly""}]",https://cagette.b-cdn.net/img/MARCHé_de_SAINT_JOSEPH_de__PORTERIE_1ebb45b30298da6e5f3cb9e66d8bbe14.webp,Marché de Saint Joseph de Porterie,3 Place Des Tonneliers,44300,Nantes,-1.5179376281366501,47.26958468951335
19368,Monbeaujardin Etoile/Rhône: Amap,2025-11-06 16:18:07,"[{""day"":4,""frequency"":""biweekly"",""startTime"":""17h00"",""endTime"":""19h00"",""nthDayOfMonth"":null}]",https://cagette.b-cdn.net/img/monbeaujardin-etoile-rh-ne-amap_5e0c53cb55bef2ab92ca59ec3fa1caea.webp,chez Marie Pascale,13 Chemin du Setty,26800,Étoile-sur-Rhône,4.892698,44.834316
19373,St Jean de Thouars,2025-11-08 22:15:42,"[{""day"":5,""startTime"":""16h35"",""endTime"":""16h45"",""frequency"":""adHoc""}]",https://cagette.b-cdn.net/img/st-jean-de-thouars_a0a20f7b67e1a8173ccb14f6def9bda6.webp,Aire co voiturage de St Jean de Thouars,105 Route de Parthenay,79100,Saint-Jean-de-Thouars,-0.20734932149801466,46.956524688509234
19379,"Rezopaysans, circuit court",2025-11-10 17:17:05,"[{""day"":null,""frequency"":""adHoc"",""startTime"":null,""endTime"":null,""nthDayOfMonth"":null}]",https://cagette.b-cdn.net/img/rezopaysans_e9ca232251211e14e544f2b6caf75cee.webp,Gaec Chatenet,590 Chemin de Chatenet,26760,Beaumont-lès-Valence,4.928949949872958,44.87426356368002
19380,La Ferme des Bretous sur le Bassin ,2025-11-11 08:01:44,"[{""day"":null,""frequency"":""adHoc"",""startTime"":null,""endTime"":null,""nthDayOfMonth"":null}]",https://cagette.b-cdn.net/img/la-ferme-des-bretous-sur-le-bassin_74994b6d7028feff99ac472ec5cc506c.webp,Au bord du parking du PRL,9 Allée des Vanneaux,33470,Gujan-Mestras,-1.108402,44.641984
19383,La cagette de Nielles,2025-11-13 14:20:12,"[{""day"":2,""startTime"":""18h30"",""endTime"":""19h00"",""frequency"":""weekly"",""nthDayOfMonth"":null},{""day"":5,""startTime"":""18h00"",""endTime"":""19h00"",""frequency"":""weekly"",""nthDayOfMonth"":null},{""frequency"":""adHoc"",""day"":1,""startTime"":""17h00"",""endTime"":""19h00"",""nthDayOfMonth"":null}]",https://cagette.b-cdn.net/img/la-cagette-de-nielles_b596d913cacfa8a0a2cac6e2df747135.webp,Fournil,9 Rue des Martyrs,62380,Nielles-lès-Bléquin,2.029124,50.674436
19384,U Spurtellu,2025-11-13 14:47:09,"[{""day"":2,""frequency"":""weekly"",""startTime"":""17h00"",""endTime"":""18h00"",""nthDayOfMonth"":null}]",https://cagette.b-cdn.net/img/spurtellu_481e7f905635ea554e5e03eef22b4582.webp,FSalle des fêtes de Ghisonaccia ,147 Place de l'Hôtel de Ville,20240,Ghisonaccia,9.403892,42.016701
19392,Les Radis&co devant les Halles de Laval,2025-11-18 14:15:53,"[{""day"":4,""frequency"":""weekly"",""startTime"":""16h00"",""endTime"":""19h00"",""nthDayOfMonth"":null}]",https://cagette.b-cdn.net/img/halles-de-laval_6b7e578a7fcd2b42fc881b18bd5adc61.webp,Halles de Laval,Place Du 11 Novembre,53000,Laval,-0.772712,48.070541
19398,Granit↔️Paysans du Vignoble,2025-11-20 18:08:34,"[{""day"":2,""startTime"":""17h30"",""endTime"":""19h00"",""frequency"":""weekly""},{""day"":5,""startTime"":""18h00"",""endTime"":""19h30"",""frequency"":""weekly"",""nthDayOfMonth"":null}]",https://cagette.b-cdn.net/img/granit-paysans-du-vignoble_9c429a0f692f8e9b74cf2afb015015e8.webp,Cave Granit,29 Grande Rue de la Trinité,44190,Clisson,-1.278452,47.089325
19421,MERCREDI au JARDIN à  Cazats,2025-12-03 17:37:19,"[{""day"":3,""frequency"":""weekly"",""startTime"":""11h00"",""endTime"":""18h00"",""nthDayOfMonth"":null}]",https://cagette.b-cdn.net/img/mercredi-au-jardin-cazats_723860e5c69aac13a663b352b0b378ab.webp,Jardin de la Marmitte Renversée,343 Impasse Peyroutet,33430,Cazats,-0.213702,44.466165
19424,La cagette de Nouvoitou,2025-12-04 09:33:03,"[{""day"":5,""frequency"":""weekly"",""startTime"":""16h00"",""endTime"":""19h00"",""nthDayOfMonth"":null}]",https://cagette.b-cdn.net/img/la-cagette-de-nouvoitou_a97d8a2c8aea0a5e8af58b1ef496ac41.webp,PETALE,La Basse Servatte,35410,Nouvoitou,-1.542105,48.02958
19426,Marché de la Petite Gare d'Uzerche,2025-12-06 16:24:11,"[{""day"":6,""startTime"":""8h00"",""endTime"":""12h30"",""frequency"":""weekly""}]",https://cagette.b-cdn.net/img/march-de-la-petite-gare-d-uzerche_b9edbb135fe88431246ffb1577926dbd.webp,"",Rue Paul Langevin,19140,Uzerche,1.56846,45.424752
19429,Monbeaujardin Montéléger: Amap,2025-12-09 15:42:54,"[{""frequency"":""biweekly"",""day"":5,""startTime"":""16h30"",""endTime"":""19h00"",""nthDayOfMonth"":null}]",https://cagette.b-cdn.net/img/monbeaujardin-mont-l-ger-amap_86d598127ce1b55bee70c1af6279b929.webp,Ferme de Consonaves,Chemin de Consonaves,26760,Montéléger,4.941713,44.851303
19439,La cagette de Panazol,2025-12-29 08:47:40,"[{""day"":5,""frequency"":""biweekly"",""startTime"":""15h00"",""endTime"":""19h00"",""nthDayOfMonth"":null},{""day"":5,""startTime"":""16h00"",""endTime"":""19h00"",""frequency"":""biweekly"",""nthDayOfMonth"":null},{""day"":4,""startTime"":""16h00"",""endTime"":""19h00"",""frequency"":""biweekly"",""nthDayOfMonth"":null}]",https://cagette.b-cdn.net/img/la-cagette-de-panazol_4c0ce0e00e796d4364e0a38914efe48c.webp,Nuance et style ,6 Place du Commerce,87350,Panazol,1.3076655523959744,45.837114545116094
19440,La cagette du Moulin de Chaume,2026-01-01 20:14:10,"[{""day"":5,""frequency"":""weekly"",""startTime"":""17h00"",""endTime"":""20h00"",""nthDayOfMonth"":null}]",https://cagette.b-cdn.net/img/la-cagette-du-moulin-de-chaume_ec7edb9c3d0c2d3b69c228ecaf1cf772.webp,"",2 Rue Étienne Saby,86160,Champagné-Saint-Hilaire,0.324772,46.319788
19441,"Malain, Pains et Gourmandises",2026-01-01 23:45:48,"[{""day"":5,""startTime"":""17h30"",""endTime"":""19h25"",""frequency"":""weekly""}]",https://cagette.b-cdn.net/img/malain-pains-et-gourmandises_f8ff93305ac2709f13f8956c41d0f74f.webp,La grange ouverte à  la porte bleu écaillée,14 Rue Gaudot,21410,Mâlain,4.799478,47.326564
19446,Fromagerie Bleue - Paysans du Vignoble,2026-01-05 17:12:06,"[{""day"":2,""startTime"":""16h00"",""endTime"":""18h30"",""frequency"":""weekly""}]",https://cagette.b-cdn.net/img/fromagerie-bleue-paysans-du-vignoble_ceea609aca34ee00183bbc741a5baad3.webp,La Fromagerie Bleue,13 Rue des Forges,44330,Vallet,-1.266833,47.160693
19451,Montflours ,2026-01-16 09:38:48,"[{""day"":2,""frequency"":""weekly"",""startTime"":""17h30"",""endTime"":""19h30"",""nthDayOfMonth"":null}]",https://cagette.b-cdn.net/img/montflours_4358d02afcb0ca713fc0c10af54fc4e9.webp,Cour du presbytère de Montflours,4 Rue du Casino,53240,Montflours,-0.7329872131328159,48.17066039306931
19460,La Cagette de Naterra,2026-01-21 22:32:04,"[{""frequency"":""weekly"",""day"":6,""startTime"":""10h30"",""endTime"":""13h00"",""nthDayOfMonth"":null},{""day"":3,""startTime"":""10h30"",""endTime"":""13h00"",""frequency"":""weekly"",""nthDayOfMonth"":null},{""frequency"":""weekly"",""day"":3,""startTime"":""17h30"",""endTime"":""18h45"",""nthDayOfMonth"":null}]",https://cagette.b-cdn.net/img/la-cagette-de-naterra_45c5d782a89dc326028e2163f4e05b91.webp,NATERRA SCEA,90 Chemin de Causeran,84320,Vedène,4.918556,43.982135
19472,Cagette des écuries du moulin de chaume ,2026-02-01 21:52:01,"[{""day"":6,""frequency"":""weekly"",""startTime"":""10h00"",""endTime"":""18h00"",""nthDayOfMonth"":null}]",https://cagette.b-cdn.net/img/cagette-des-curies-du-moulin-de-chaume_59b596c7b571ed6ac8dcd451660b3bd6.webp,Écuries du moulin de chaume,D 146,86160,Champagné-Saint-Hilaire,0.2776095938089327,46.31771389589301
19476,La Riposte,2026-02-03 21:03:33,"[{""day"":3,""startTime"":""17h30"",""endTime"":""18h30"",""frequency"":""weekly""}]",https://cagette.b-cdn.net/img/la-riposte_255e32b0851b6bf42a839f01d63bf352.webp,café La Riposte,8 Rue André Méric,31560,Calmont,1.633264,43.286538
19478,Cagette Pasquier,2026-02-05 21:00:19,"[{""day"":4,""startTime"":""12h00"",""endTime"":""18h00"",""frequency"":""weekly""}]",https://cagette.b-cdn.net/img/cagette-pasquier_55c9b3c1e80a96d67a677af8fca12211.webp,PPCX – Bungalow sortie du personnel – Les Cerqueux,D 148,49360,Les Cerqueux,-0.6489421072691641,47.00104476931261
19482,La Cagette de La Belle Verte,2026-02-07 16:45:53,"[{""frequency"":""weekly"",""day"":5,""startTime"":""16h30"",""endTime"":""18h30"",""nthDayOfMonth"":null}]",https://cagette.b-cdn.net/img/la-cagette-de-la-belle-verte_e87ef0106454ec8c92eca97c633c61ac.webp,Place du marché à Brem / Mer,21 Rue de l'Océan,85470,Brem-sur-Mer,-1.833756,46.605596
19484,Les fruits de Clazay,2026-02-12 17:10:17,"[{""day"":5,""startTime"":""9h00"",""endTime"":""18h00"",""frequency"":""adHoc""}]",https://cagette.b-cdn.net/img/les-fruits-de-clazay_7bb32493d944bf4c4c2cba94347452af.webp,Ld L'Orbrie 79300 Clazay,Lieu Dit L’Orbrie,79300,Bressuire,-0.535474,46.816232
19487,JEUDI au JARDIN à Cazats,2026-02-17 17:32:50,"[{""day"":4,""startTime"":""11h00"",""endTime"":""18h00"",""frequency"":""weekly""}]",https://cagette.b-cdn.net/img/jeud-au-jardin-cazats_073cdfc2363df9b50b82200c8d5dcfbb.webp,JEUDI au JARDIN à Cazats,343 Impasse Peyroutet,33430,Cazats,-0.213702,44.466165
19488,VENDREDI au JARDIN à Cazats,2026-02-17 17:40:11,"[{""day"":5,""startTime"":""11h00"",""endTime"":""18h00"",""frequency"":""weekly""}]",https://cagette.b-cdn.net/img/vendredi-au-jardin-cazats_5b1462cb4f9c2b8dc05db43848eee922.webp,VENDREDI au JARDIN à Cazats,343 Impasse Peyroutet,33430,Cazats,-0.213702,44.466165
19493,La cagette du Meygal,2026-02-24 08:37:31,"[{""day"":0,""startTime"":""10h00"",""endTime"":""12h30"",""frequency"":""weekly""}]",https://cagette.b-cdn.net/img/la-cagette-du-meygal_19b3ced7c211d761a695179b137a3346.webp,La ferme de la Reine des Prés ,D 15,43260,Champclause,4.114114960398183,45.025662576019755
19498,Bouquets Paysans Biocoop,2026-03-04 15:33:30,"[{""day"":5,""startTime"":""17h00"",""endTime"":""19h00"",""frequency"":""weekly""}]",https://cagette.b-cdn.net/img/bouquets-paysans-biocoop_cc8338aeba28253c4947a4a7b67ee319.webp,Biocoop ,1 Avenue de Castres,31250,Revel,2.0053132255686137,43.46073297849898
19502,Le petit jardin ajaccien ,2026-03-08 10:51:58,"[{""day"":6,""startTime"":""9h00"",""endTime"":""12h00"",""frequency"":""weekly"",""nthDayOfMonth"":null}]",https://cagette.b-cdn.net/img/le-petit-jardin-ajaccien_9c97a5cfc66a54f7c586013b2c5eec51.webp,Vente à la ferme ,94 Chemin de la Sposata,20090,Ajaccio,8.757784467675464,41.952902235194756
19504,Livraison à domicile - La Bio chez vous !,2026-03-10 10:40:19,"[{""frequency"":""biweekly"",""day"":4,""startTime"":""14h45"",""endTime"":""15h45"",""nthDayOfMonth"":null}]",https://cagette.b-cdn.net/img/livraison-domile-la-bio-chez-vous_e9afb296d642670ae1ceb562dfc903f8.webp,Livraison à domicile,1 Allée Jean Girault,49460,Montreuil-Juigné,-0.619615,47.535988
19506,Le p'tit marché de Chevrières,2026-03-11 13:36:50,"[{""day"":2,""startTime"":""16h30"",""endTime"":""19h00"",""frequency"":""weekly""}]",https://cagette.b-cdn.net/img/le-p-tit-march-de-chevri-res_231db71071c6840defe56f758926f99c.webp,"",10 Place Vincendon Dumoulin,38160,Chevrières,5.290198496310438,45.187614093744
19509,La Cagette de Casteide-Doat ,2026-03-12 07:06:26,"[{""frequency"":""weekly"",""day"":4,""startTime"":""18h00"",""endTime"":""19h00"",""nthDayOfMonth"":null}]",https://cagette.b-cdn.net/img/la-cagette-de-casteide-doat_b63b7646461179f79586c0fac3c1a729.webp,Salle des fêtes ,564 Rue Simin Palay,64460,Casteide-Doat,-0.01354873214484087,43.37473555103341
19532,AMAP (fromages) Sambanane TOULOUSE,2026-03-26 09:45:19,"[{""day"":4,""startTime"":""18h30"",""endTime"":""20h30"",""frequency"":""monthly""}]",https://cagette.b-cdn.net/img/amap-fromages-sambanane-toulouse_71bf1825da7002500f236ddffc8ea6b7.webp,Maison de quartier Chalets-Roquelaine,7 Boulevard Matabiau,31000,Toulouse,1.448887,43.61446
19534,Jardin du ricochet,2026-03-30 06:10:20,"[{""day"":2,""startTime"":""16h20"",""endTime"":""21h00"",""frequency"":""weekly""}]",https://cagette.b-cdn.net/img/vente-la-ferme_f75b27a01520588bf3ba42f6556bfb7a.webp,jardin du ricochet,895 Route de Saint-Jean,73800,Saint-Pierre-de-Soucy,6.110107,45.499162
19536,Le marché de Saint-Julien-le-Vendômois,2026-03-30 14:19:03,"[{""frequency"":""monthly"",""day"":4,""startTime"":""17h00"",""endTime"":""20h00"",""nthDayOfMonth"":3},{""day"":4,""startTime"":""16h30"",""endTime"":""19h00"",""frequency"":""monthly"",""nthDayOfMonth"":3}]",https://cagette.b-cdn.net/img/la-cagette-de-saint-julien-le-vend-mois_886bec06798846a438d1639b23eea921.webp,Devant le bistrot,9 Place de l'Église,19210,Saint-Julien-le-Vendômois,1.3283422982642037,45.46158516053836
19538,Castanet tolosan chez Mme et Mr Costes,2026-04-01 08:43:07,"[{""frequency"":""weekly"",""day"":4,""startTime"":""19h15"",""endTime"":""19h45"",""nthDayOfMonth"":null}]",https://cagette.b-cdn.net/img/castanet-tolosan-chez-mme-et-mr-costes_58f943fc85fcd4283e4ace6eae3c767b.webp,"",13 Rue Toulouse Lautrec,31320,Castanet-Tolosan,1.504305,43.519502
19544,Les Bonzoms d'Auzeville-Tolosane,2026-04-06 09:27:11,"[{""day"":4,""startTime"":""18h30"",""endTime"":""19h00"",""frequency"":""weekly"",""nthDayOfMonth"":null}]",https://cagette.b-cdn.net/img/les-bonzoms-d-auzeville-tolosane_1c3d0c9dd27a62fd05d2cf5f05678464.webp,Place de la Mairie Vieille,Place de la Mairie Vieille,31320,Auzeville-Tolosane,1.479099,43.52942
19550,Cagette de Muret – La Fabrique d'Anaïs,2026-04-08 09:16:14,"[{""day"":2,""startTime"":""17h30"",""endTime"":""19h00"",""frequency"":""weekly""}]",https://cagette.b-cdn.net/img/cagette-de-muret-la-fabrique-d-ana-s_8b4943df1c97a5cbc9836a2f73289019.webp,La Fabrique d'Anaïs,4 Boulevard Aristide Briand,31600,Muret,1.326037,43.462873
19557,Résidence Butte Bonnefoy,2026-04-13 12:49:52,"[{""frequency"":""weekly"",""day"":5,""startTime"":""18h00"",""endTime"":""19h00"",""nthDayOfMonth"":null}]",https://cagette.b-cdn.net/img/r-sidence-la-butte-de-bonnefoy_42e296148c7c2ebba4968364dd334a02.webp,"",15 Rue du Colonel Toussaint,31500,Toulouse,1.459704,43.618555
19568,Toulouse OMP / IRAP Belin,2026-04-20 10:21:20,"[{""frequency"":""weekly"",""day"":4,""startTime"":""17h00"",""endTime"":""17h30"",""nthDayOfMonth"":null}]",https://cagette.b-cdn.net/img/irap-belin_047ec90380402dbc12eef7badb7e69f3.webp,IRAP Belin,14 Avenue Édouard Belin,31400,Toulouse,1.478462,43.561237
19572,Les jardins du Bordage à la Goupillère,2026-04-21 06:57:33,"[{""frequency"":""weekly"",""day"":5,""startTime"":""16h30"",""endTime"":""18h30"",""nthDayOfMonth"":null}]",https://cagette.b-cdn.net/img/les-jardins-du-bordage-la-goupill-re_9accfbe216a9ab54eb839b9949a6240b.webp,Ferme de la Goupillère,La Goupillière,53970,L'Huisserie,-0.772025,48.012642
19575,Vente aux Jardins Hermois,2026-04-21 17:21:28,"[{""day"":5,""startTime"":""17h00"",""endTime"":""18h00"",""frequency"":""weekly"",""nthDayOfMonth"":null}]",https://cagette.b-cdn.net/img/vente-aux-jardins-hermois_031ff93d68eb1e610ee81206147b69c6.webp,Les Jardins Hermois,1605 Route de l'Église,33540,Saint-Martin-de-Lerm,-0.031442,44.65116
19576,Le jardin du bout du chemin la caravane,2026-04-23 11:56:35,"[{""day"":5,""startTime"":""16h30"",""endTime"":""18h30"",""frequency"":""weekly""}]",https://cagette.b-cdn.net/img/le-jardin-du-bout-du-chemin-la-caravane_808ff4b9536b64cd79c8e9e0e846baf1.webp,la caravane,62 Rue du Château Vieux,85270,Saint-Hilaire-de-Riez,-1.958115,46.726567
19577,La cagette de Luzech,2026-04-26 18:29:40,"[{""day"":5,""startTime"":""17h30"",""endTime"":""18h30"",""frequency"":""weekly"",""nthDayOfMonth"":null}]",https://cagette.b-cdn.net/img/la-cagette-de-luzech_7797d1eb4d4503b61f7affcbf88b6ca0.webp,"",Place du Canal,46140,Luzech,1.286614,44.478102
19579,Paysans du Vignoble-Marché des Terroirs,2026-04-27 13:03:16,"[{""day"":2,""startTime"":""16h00"",""endTime"":""19h30"",""frequency"":""weekly""}]",https://cagette.b-cdn.net/img/paysans-du-vignoble-march-des-terroirs_3bc6a982ffa45d11eba83c53e0aeadeb.webp,Marché des Terroirs,20 Rue de l'Atlantique,44115,Basse-Goulaine,-1.458754,47.186652
19580,Paysans du vignoble-Les villages oubliés,2026-04-27 13:32:04,"[{""frequency"":""weekly"",""day"":2,""startTime"":""17h30"",""endTime"":""18h00"",""nthDayOfMonth"":null}]",https://cagette.b-cdn.net/img/paysans-du-vignoble-les-villages-oubli-s_8f793b4046ff01d0850154c9ccf4f749.webp,VER TOU' BIO,13 Rue des Cornuelles,44120,Vertou,-1.428602,47.174584
19583,Marché du Jardin Mosaïque,2026-04-29 16:00:03,"[{""frequency"":""adHoc"",""day"":1,""startTime"":""16h00"",""endTime"":""17h00"",""nthDayOfMonth"":null}]",https://cagette.b-cdn.net/img/march-du-jardin-mosa-que_18e45c988fb4223f14e16ac0c7a75409.webp,Jardin Mosaïque ,594 Chemin de La Tuiliere,26160,Puygiron,4.835997,44.546258
19585,Maison Sainte Famille - Bouquets de fleurs,2026-05-02 13:14:10,"[{""frequency"":""weekly"",""day"":5,""startTime"":""11h00"",""endTime"":""12h00"",""nthDayOfMonth"":null}]",https://cagette.b-cdn.net/img/fleurs-du-cordier-maison-ste-famille_53404525c57dafc54cfd33f38aab41eb.webp,Maison Sainte Famille,2a Allée Saint-Joseph de Kermaria,56500,Plumelin,-2.8515923175069133,47.87918870164398
19590,La Ferme Vegebio - JAZENNES,2026-05-05 07:37:19,"[{""day"":3,""startTime"":""17h00"",""endTime"":""19h00"",""frequency"":""weekly""}]",https://cagette.b-cdn.net/img/la-ferme-vegebio-jazennes_cae27ba3f380a7c95de10e3ad7a7fc87.webp,"",115 Rue de la Foy,17260,Jazennes,-0.648314,45.57125
19591,La Ferme Vegebio - ST-GERMAIN-DU-SEUDRE,2026-05-05 08:01:26,"[{""day"":5,""startTime"":""17h00"",""endTime"":""19h00"",""frequency"":""weekly""}]",https://cagette.b-cdn.net/img/la-ferme-vegebio-st-germain-du-seudre_2eefe7ce8236fe32163daf4c5a749735.webp,"",4 Rue du Vieux Chêne,17240,Saint-Germain-du-Seudre,-0.689496,45.517035
19595,Totem,2026-05-06 12:02:19,"[{""day"":3,""startTime"":""10h00"",""endTime"":""19h00"",""frequency"":""weekly""}]",https://cagette.b-cdn.net/img/totem_cf55e11664e708e82ca121c742b2cfd2.webp,TOTEM café associatif,23 Place Saint-Rome,38940,Roybon,5.243524,45.258641
19602,La cagette de Châteauneuf-du-Faou ,2026-05-12 06:12:17,"[{""day"":2,""startTime"":""11h30"",""endTime"":""20h00"",""frequency"":""weekly""}]",https://cagette.b-cdn.net/img/la-cagette-de-ch-teauneuf-du-faou_84ea91766479cb820afacba6a6258760.webp,Petrichor Céramique ,4 Rue du Général de Gaulle,29520,Châteauneuf-du-Faou,-3.8155106826085614,48.187012432139284
19623,Ferme Mûre de Balloy,2026-05-26 10:40:00,"[{""day"":4,""startTime"":""17h00"",""endTime"":""19h00"",""frequency"":""weekly"",""nthDayOfMonth"":null}]",https://cagette.b-cdn.net/img/ferme-m-re-de-balloy_cc6010151775dd6116c9b67ef9c53cda.webp,Ferme Mûre de Balloy,15 Grande Rue,77118,Balloy,3.147452,48.396676
19628,Les cagettes de CAMELICO,2026-06-01 13:01:09,"[{""frequency"":""weekly"",""day"":4,""startTime"":""16h30"",""endTime"":""19h00"",""nthDayOfMonth"":null}]",https://cagette.b-cdn.net/img/les-cagettes-de-camelico_b970e34f6d38bedb7167177af2c51945.webp,Le jardin de Camélico & Co,4114 Route du Plateau,47270,Saint-Caprais-de-Lerm,0.768232,44.234729
19630,Légumes bio à domicile  Le Champ des Souches,2026-06-02 07:59:02,"[{""frequency"":""weekly"",""day"":4,""startTime"":""16h30"",""endTime"":""19h00"",""nthDayOfMonth"":null}]",https://cagette.b-cdn.net/img/le-champ-des-souches-l-gumes-domicile_8eb30ce4b850a977a4c464fa65b2807e.webp,Chez vous !,"","",Châbons,5.429601,45.443817
19644,La Cagette des Iscles,2026-06-13 09:30:19,"[{""day"":5,""startTime"":""16h30"",""endTime"":""19h00"",""frequency"":""weekly"",""nthDayOfMonth"":null}]",https://cagette.b-cdn.net/img/la-cagette-des-iscles_97380c8453a15e84c566790cc1d384e3.webp,Arrêt de bus Les Iscles,68 Route du Pont Charles-Albert,06510,Le Broc,7.172814575515872,43.8364041233572
19646,Résidence de Lanvaux-Fleurs du Cordier ,2026-06-15 13:46:30,"[{""day"":2,""startTime"":""9h00"",""endTime"":""18h00"",""frequency"":""weekly""}]",https://cagette.b-cdn.net/img/r-sidence-de-lanvaux-fleurs-du-cordier_3499a4f362f44307b046fcdc418e42d7.webp,Résidence de Lanvaux,31 Rue des Tilleuls,56390,Grand-Champ,-2.86461,47.762879
19649,La cagette du Kiwi - Ramonville St-Agne,2026-06-17 12:57:48,"[{""frequency"":""weekly"",""day"":4,""startTime"":""18h00"",""endTime"":""18h20"",""nthDayOfMonth"":null}]",https://cagette.b-cdn.net/img/la-cagette-du-kiwi-ramonville-st-agne_e86310a70563f9d7d0e166196b2fc563.webp,Parking du Kiwi,9 Allée Georges Pompidou,31520,Ramonville-Saint-Agne,1.4776958703998275,43.54890675538246
19656,Ferme Mûre (9è),2026-06-22 14:02:17,"[{""frequency"":""weekly"",""day"":2,""startTime"":""11h30"",""endTime"":""15h00"",""nthDayOfMonth"":null}]",https://cagette.b-cdn.net/img/ferme-m-re-du-9-me-clichy_b53d6bd2d8939813b8d6e2f9cf79e199.webp,Restaurant Mûre,2 Rue de Clichy,75009,Paris,2.330842,48.876999
19661,La cagette de Prayssac,2026-06-29 10:17:49,"[{""day"":5,""startTime"":""17h30"",""endTime"":""18h30"",""frequency"":""weekly""}]",https://cagette.b-cdn.net/img/la-cagette-de-prayssac_dde4b24020bcdc58543207e50c262b4b.webp,Parking Boulangerie Marty,104 Rue de la Plaine,46220,Prayssac,1.177724611075405,44.504885670931884
19662,La cagette des Junies,2026-06-29 20:44:36,"[{""day"":5,""startTime"":""19h00"",""endTime"":""20h00"",""frequency"":""weekly""}]",https://cagette.b-cdn.net/img/la-cagette-des-junies_13aa7677b8dddafa8c44881a5e499d2b.webp,Le Jardin des Junies,14 Rue de la Chapelle,46150,Les Junies,1.235852,44.540153
19664,La GRANGE de Gadet Terrefort,2026-07-01 12:49:15,"[{""frequency"":""adHoc"",""day"":4,""startTime"":""14h00"",""endTime"":""19h00"",""nthDayOfMonth"":null},{""frequency"":""adHoc"",""day"":null,""startTime"":""9h00"",""endTime"":""19h00"",""nthDayOfMonth"":null}]",https://cagette.b-cdn.net/img/la-grange-de-gadet-terrefort_88fc83fe762d8e9f42036f4aec22f78a.webp,Chât. Gadet Terrefort,7 Route de Vendays,33340,Gaillan-en-Médoc,-0.9926962092068834,45.33726520183873
19669,La Ferme Vegebio - SAINTES,2026-07-04 11:44:55,"[{""day"":3,""startTime"":""8h00"",""endTime"":""12h30"",""frequency"":""weekly""}]",https://cagette.b-cdn.net/img/la-ferme-vegebio-saintes_527f4a2ab76b54d20259e706331142ba.webp,Marché Place Saint Pierre,4 Rue Saint-Pierre,17100,Saintes,-0.6319197765378419,45.74477689055317
19670,La Ferme Vegebio - ST-GEORGES-DE-DIDONNE,2026-07-04 12:17:01,"[{""day"":6,""startTime"":""8h00"",""endTime"":""12h30"",""frequency"":""weekly""}]",https://cagette.b-cdn.net/img/la-ferme-vegebio-st-georges-de-didonne_fd2dce84878b53d566b9a4502712a2b0.webp,Place du marché Saint Georges de Didonne,33 Place du Marché,17110,Saint-Georges-de-Didonne,-0.9981462514355712,45.604038591953554
19671,La Ferme Vegebio - BRIE-SOUS-MORTAGNE,2026-07-05 10:03:58,"[{""day"":0,""startTime"":""9h00"",""endTime"":""12h30"",""frequency"":""weekly""}]",https://cagette.b-cdn.net/img/la-ferme-vegebio-brie-sous-mortagne_f264fd521ef3efed3c1f4207b29b1b1d.webp,Marché sous les halles de Brie Sous Mortagne,12 Avenue de Royan,17120,Brie-sous-Mortagne,-0.7459465745629075,45.49527264659463
19685,Le marché de CFDM,2026-08-04 12:09:13,"[{""frequency"":""weekly"",""day"":4,""startTime"":""18h00"",""endTime"":""19h00"",""nthDayOfMonth"":null}]",https://cagette.b-cdn.net/img/le-march-de-cfdm_d207c4ef5ea252f1ad709559b708b193.webp,CFDM - Centre Fitness Des Monts,8 Chemin du Chêne,69380,Civrieux-d'Azergues,4.708056,45.858213
19688,LA CAGETTE DU PARC,2026-08-06 15:11:07,"[{""frequency"":""everyFourWeeks"",""day"":4,""startTime"":""17h30"",""endTime"":""18h00"",""nthDayOfMonth"":null}]",https://cagette.b-cdn.net/img/la-cagettexdu-parc_ec3af56ab64bb43869901036e9c2599b.webp,Maison médicale du parc,33 Rue des Bûchers,31400,Toulouse,1.443788,43.59056
19692,LIONEL TERRAY-volailles fermières bio ,2026-08-13 12:33:15,"[{""day"":4,""startTime"":""16h15"",""endTime"":""16h30"",""frequency"":""biweekly""}]",https://cagette.b-cdn.net/img/volailles-fermi-res-bio-lionel-terray_bcbeb8bab95e647778ce3be3aa7e0902.webp,"",10 Rue Lionel Terray,31200,Toulouse,1.436678,43.630119
19693,Soirée anniversaire 10 ans de la ferme,2026-08-19 23:31:21,"[{""day"":6,""startTime"":""20h00"",""endTime"":""21h30"",""frequency"":""adHoc""}]",https://cagette.b-cdn.net/img/soir-e-anniversaire-10-ans-de-la-ferme_341d092c25c27b4c2269956291282e35.webp,La ferme du Hallay,22 Rue des Noëlles,44690,La Haie-Fouassière,-1.4090176363104945,47.17205065384323
19711,La Belle Butine à la Ferme des Vents,2026-09-03 05:56:27,"[{""frequency"":""weekly"",""day"":5,""startTime"":""17h00"",""endTime"":""19h00"",""nthDayOfMonth"":null}]",https://cagette.b-cdn.net/img/la-belle-butine-ferme-des-vents_c08e35152f22027a5c6aa14d96c0778b.webp,La Ferme des Vents,98 Route Napoléon,38119,Pierre-Châtel,5.7766,44.960582
19713,Le Marché de la Laiterie,2026-09-03 09:35:09,"[{""frequency"":""adHoc"",""day"":6,""startTime"":""17h30"",""endTime"":""19h00"",""nthDayOfMonth"":null}]",https://cagette.b-cdn.net/img/le-march-de-la-laiterie_4e1a4ea0ef81e9e899db7769b72d76b6.webp,La Laiterie,57 Rue de la Médoquine,33400,Talence,-0.59745,44.816807
19714,Foire aux Vins et Fromages d'Antony,2026-09-03 12:12:40,"[{""day"":5,""startTime"":""16h00"",""endTime"":""22h30"",""frequency"":""adHoc""}]",https://cagette.b-cdn.net/img/foire-aux-vins-et-fromages-d-antony_8723c3c3dc095a72179f11116d3d11b5.webp,Stand GADET TERREFORT,2 Rue Jean-Charles Persil,92160,Antony,2.2975710558594926,48.753572271750784
19716,La Cagette de MaTartine - Fournil Paysan,2026-09-04 20:25:41,"[{""frequency"":""weekly"",""day"":4,""startTime"":""16h30"",""endTime"":""19h00"",""nthDayOfMonth"":null}]",https://cagette.b-cdn.net/img/la-cagette-de-matartine-fournil-paysan_a52b14f0cc49f521b613422bddff5a9d.webp,Esplanade de la salle des fêtes,261 Chemin de Villarnoud,38260,Porte-des-Bonnevaux,5.231326634865866,45.43103358727777
19718,Au panier de Gaelle ,2026-09-07 08:40:04,"[{""frequency"":""triweekly"",""day"":2,""startTime"":""14h30"",""endTime"":""18h30"",""nthDayOfMonth"":null}]",https://cagette.b-cdn.net/img/au-panier-de-gaelle_c60f64c665ae7af760f27f8a76d22112.webp,Au panier de Gaelle,11 Place de l'Église,88340,Le Val-d'Ajol,6.482479,47.925335
19721,2026 opé découverte amap du calaisis,2026-09-09 14:54:50,"[{""day"":2,""startTime"":""17h00"",""endTime"":""18h30"",""frequency"":""weekly""}]",https://cagette.b-cdn.net/img/2026-op-d-couverte-amap-du-calaisis_9d6646fcb390746f6d744ea591f76a60.webp,Conciergerie Calais Coeur de Vie,8 Boulevard Jacquard,62100,Calais,1.8558026895996704,50.94825178917333
19726,La Cagette Verger Jangopom,2026-09-14 12:49:54,"[{""frequency"":""adHoc"",""day"":5,""startTime"":""12h00"",""endTime"":""12h30"",""nthDayOfMonth"":null}]",https://cagette.b-cdn.net/img/la-cagette-verger-jangopom_a79c085b449b6a7b9b7d2fdf04f4a1f7.webp,Laboratoire Pierre Fabre,15 Rue Jean Rostand,81600,Gaillac,1.907084,43.915642
19729,Mer et Vigne Vincennes,2026-09-16 12:05:28,"[{""day"":5,""startTime"":""11h00"",""endTime"":""20h00"",""frequency"":""adHoc""}]",https://cagette.b-cdn.net/img/mer-et-vigne-vincennes_1fef9818367ca4dd509fb61a384e9408.webp,Hippodrome Paris Vincennes,2 Route de la Ferme,75012,Paris,2.4507432543621235,48.823624811143816
